rainfall,soil_moisture,tilt,vibration,instability_index,risk_level
50.4,63.2,2.87,0.501,0.267,LOW
47.6,46.9,2.18,0.583,0.292,MEDIUM
40.3,44.4,2.56,0.92,0.2175,LOW
72.5,68.3,6.1,1.715,0.5027,MEDIUM
14.0,30.6,2.48,0.15,0.1182,LOW
53.2,58.8,4.11,1.383,0.3438,MEDIUM
173.3,91.4,10.11,3.966,1.0,VERY HIGH
3.1,29.4,2.03,0.221,0.0018,LOW
102.1,88.4,7.65,2.647,0.8386,VERY HIGH
69.4,90.0,6.25,2.538,0.6099,HIGH
7.3,32.6,2.17,0.368,0.1087,LOW
104.7,91.7,11.75,2.066,0.8737,VERY HIGH
34.3,54.2,2.76,1.084,0.2703,LOW
128.0,85.7,23.66,4.019,1.0,VERY HIGH
97.6,86.4,5.55,2.349,0.8157,VERY HIGH
43.7,62.9,3.65,0.667,0.3082,MEDIUM
117.9,94.7,19.58,2.417,1.0,VERY HIGH
11.3,18.8,0.94,0.475,0.0935,LOW
42.9,70.7,3.8,0.817,0.3963,MEDIUM
1.1,15.3,0.51,0.156,0.0031,LOW
67.8,69.3,11.67,1.821,0.6922,HIGH
14.0,20.7,1.62,0.112,0.0976,LOW
9.2,19.7,0.51,0.495,0.0915,LOW
104.5,83.2,11.72,2.549,0.8791,VERY HIGH
92.8,75.3,5.28,1.581,0.6264,HIGH
92.3,98.6,21.8,3.591,1.0,VERY HIGH
38.4,42.6,3.58,0.822,0.246,LOW
8.7,31.9,0.66,0.085,0.0405,LOW
11.2,30.7,1.94,0.25,0.0969,LOW
48.1,65.3,4.15,1.025,0.3257,MEDIUM
17.6,18.2,1.66,0.367,0.1735,LOW
92.7,80.3,7.09,2.662,0.7021,HIGH
100.3,88.2,9.08,1.068,0.7999,VERY HIGH
6.6,16.8,2.24,0.333,0.0979,LOW
7.5,27.4,0.49,0.248,0.0417,LOW
47.3,52.5,4.76,0.702,0.2777,LOW
0.5,24.4,1.84,0.317,0.1151,LOW
0.7,32.9,2.23,0.49,0.0438,LOW
78.5,84.9,6.0,2.168,0.6054,HIGH
5.8,36.3,1.9,0.356,0.0927,LOW
186.7,96.7,19.13,3.238,1.0,VERY HIGH
95.2,89.8,10.74,2.3,0.7983,VERY HIGH
0.3,35.8,1.79,0.41,0.0982,LOW
6.5,26.9,1.46,0.341,0.1222,LOW
51.8,70.5,2.59,0.923,0.4032,MEDIUM
0.8,40.1,2.26,0.348,0.1462,LOW
107.3,78.0,10.6,1.321,0.7592,HIGH
55.8,78.1,10.02,2.196,0.6692,HIGH
0.0,19.2,0.7,0.187,0.0,LOW
2.7,33.1,1.64,0.31,0.1026,LOW
27.3,44.9,3.27,1.087,0.2194,LOW
66.2,69.8,7.45,2.314,0.5929,HIGH
12.0,42.9,0.07,0.296,0.0819,LOW
143.4,93.5,20.64,4.784,1.0,VERY HIGH
24.0,53.3,3.51,1.228,0.2397,LOW
8.5,29.9,1.38,0.162,0.082,LOW
16.2,43.0,1.7,0.124,0.1458,LOW
25.0,53.6,3.61,0.489,0.1801,LOW
16.3,38.6,0.03,0.334,0.0885,LOW
151.4,88.3,9.34,3.011,0.989,VERY HIGH
154.2,88.0,17.58,2.764,1.0,VERY HIGH
43.6,42.7,4.66,1.271,0.3104,MEDIUM
91.3,77.5,11.24,2.093,0.719,HIGH
0.1,32.4,0.81,0.446,0.0794,LOW
5.9,40.0,2.44,0.027,0.1691,LOW
31.0,53.2,5.23,0.85,0.3015,MEDIUM
25.7,47.1,3.63,0.635,0.2016,LOW
3.9,36.9,2.49,0.43,0.1367,LOW
27.3,62.4,2.92,0.633,0.2689,LOW
89.6,83.8,8.37,1.834,0.713,HIGH
155.2,98.7,21.26,4.939,1.0,VERY HIGH
102.0,98.0,18.52,3.409,1.0,VERY HIGH
98.4,87.3,5.19,2.707,0.7984,VERY HIGH
0.4,16.3,1.47,0.315,0.0576,LOW
11.0,24.6,0.14,0.444,0.0359,LOW
125.9,83.0,23.39,3.412,1.0,VERY HIGH
12.6,27.9,0.54,0.171,0.1087,LOW
95.5,72.9,10.29,2.194,0.7188,HIGH
34.3,68.3,5.22,1.124,0.3715,MEDIUM
22.9,43.8,5.05,0.611,0.2778,LOW
40.7,68.3,5.44,0.876,0.3589,MEDIUM
13.5,15.7,1.6,0.342,0.0546,LOW
57.9,81.2,7.1,2.657,0.5459,MEDIUM
13.9,35.0,1.95,0.496,0.1709,LOW
5.4,31.0,1.88,0.169,0.1041,LOW
61.6,85.2,11.96,1.357,0.5944,HIGH
19.6,41.5,5.39,1.097,0.2431,LOW
1.2,21.7,0.63,0.235,0.0145,LOW
101.3,85.4,10.18,1.365,0.781,VERY HIGH
44.6,47.2,5.16,0.551,0.2459,LOW
11.9,44.0,1.61,0.065,0.0972,LOW
13.4,28.9,1.27,0.371,0.0809,LOW
174.1,88.6,11.76,3.766,1.0,VERY HIGH
9.4,33.4,1.62,0.156,0.0857,LOW
18.4,53.2,2.21,1.137,0.2369,LOW
177.3,97.2,19.76,2.62,1.0,VERY HIGH
147.6,88.8,20.77,2.695,1.0,VERY HIGH
22.5,53.9,1.88,0.961,0.2131,LOW
103.5,80.7,5.59,2.302,0.7244,HIGH
130.4,96.6,16.44,2.512,1.0,VERY HIGH
12.3,39.0,1.4,0.17,0.0,LOW
3.0,17.1,1.89,0.137,0.0736,LOW
149.8,95.4,21.73,3.038,1.0,VERY HIGH
11.7,22.4,0.61,0.421,0.0517,LOW
69.7,75.2,9.77,1.939,0.6635,HIGH
26.4,59.0,5.64,0.501,0.3058,MEDIUM
106.0,92.0,6.8,2.708,0.8022,VERY HIGH
75.6,84.2,8.35,2.433,0.6616,HIGH
30.1,48.8,5.79,0.842,0.3137,MEDIUM
4.2,16.5,0.14,0.169,0.0621,LOW
14.8,32.0,2.3,0.246,0.1473,LOW
140.1,92.4,20.05,4.914,1.0,VERY HIGH
88.3,83.2,6.31,1.593,0.6162,HIGH
14.9,29.5,1.37,0.381,0.1,LOW
10.5,24.1,1.29,0.232,0.0681,LOW
114.5,88.3,5.94,2.536,0.7804,VERY HIGH
130.1,98.1,17.77,2.39,1.0,VERY HIGH
54.9,51.9,2.61,1.236,0.3608,MEDIUM
185.9,88.2,22.61,4.015,1.0,VERY HIGH
143.4,91.8,10.68,3.548,1.0,VERY HIGH
177.8,88.4,17.36,4.22,1.0,VERY HIGH
50.5,54.5,3.23,0.708,0.3124,MEDIUM
159.5,86.1,17.0,3.497,1.0,VERY HIGH
32.1,51.2,5.06,1.338,0.3077,MEDIUM
4.9,37.6,1.03,0.112,0.0982,LOW
70.0,87.4,6.23,2.004,0.6334,HIGH
113.2,69.2,6.42,1.412,0.6897,HIGH
3.9,33.3,1.91,0.477,0.1394,LOW
12.3,42.9,1.41,0.027,0.1088,LOW
91.1,68.4,11.15,1.851,0.7136,HIGH
18.3,44.5,3.3,1.133,0.2908,MEDIUM
6.7,27.6,1.91,0.262,0.0889,LOW
2.3,20.3,2.08,0.13,0.0355,LOW
14.4,39.6,1.08,0.282,0.0636,LOW
61.9,74.4,7.57,2.749,0.5873,HIGH
0.4,41.4,1.71,0.294,0.1597,LOW
37.8,40.5,2.37,0.545,0.2056,LOW
164.4,88.6,24.19,4.843,1.0,VERY HIGH
12.6,40.5,1.1,0.062,0.0468,LOW
56.6,68.8,10.46,2.05,0.6232,HIGH
13.4,40.1,2.09,0.259,0.1342,LOW
3.0,24.0,0.37,0.155,0.0931,LOW
1.0,42.4,0.57,0.219,0.0864,LOW
30.7,48.2,3.32,0.455,0.1638,LOW
113.5,90.1,5.65,1.285,0.841,VERY HIGH
0.4,25.7,0.19,0.098,0.0249,LOW
111.9,86.8,23.74,4.226,1.0,VERY HIGH
57.0,73.3,8.08,2.407,0.5798,HIGH
14.9,26.2,2.38,0.154,0.1201,LOW
4.1,16.1,0.66,0.298,0.0181,LOW
50.7,52.6,2.09,1.141,0.3647,MEDIUM
8.3,35.7,0.41,0.054,0.0557,LOW
20.0,53.7,4.0,0.979,0.2945,MEDIUM
154.7,96.7,21.48,3.832,1.0,VERY HIGH
55.6,75.1,6.82,1.193,0.4586,MEDIUM
152.8,96.4,21.13,3.244,1.0,VERY HIGH
11.8,43.4,1.85,0.166,0.0993,LOW
33.3,57.4,3.66,1.007,0.2363,LOW
24.3,65.4,5.71,1.162,0.3079,MEDIUM
36.5,45.3,5.3,0.628,0.2742,LOW
51.3,47.0,5.66,1.331,0.3995,MEDIUM
112.9,80.2,8.93,2.715,0.8256,VERY HIGH
16.8,23.8,1.98,0.02,0.0754,LOW
168.8,92.3,14.06,2.508,1.0,VERY HIGH
30.3,40.0,4.24,0.941,0.2452,LOW
17.2,40.6,1.91,0.458,0.094,LOW
94.6,84.4,5.59,2.657,0.7537,HIGH
28.9,69.1,5.72,0.685,0.3452,MEDIUM
16.1,21.1,1.12,0.349,0.1293,LOW
14.2,24.2,0.58,0.171,0.1224,LOW
190.6,95.2,11.23,4.852,1.0,VERY HIGH
108.6,87.7,22.03,2.892,1.0,VERY HIGH
6.1,26.6,0.8,0.134,0.1061,LOW
16.5,21.7,0.4,0.056,0.0,LOW
1.9,33.2,1.63,0.184,0.0724,LOW
23.3,59.9,2.78,0.553,0.2719,LOW
114.7,69.0,5.55,1.302,0.6274,HIGH
194.6,93.6,18.2,3.698,1.0,VERY HIGH
22.1,70.7,1.91,0.873,0.2433,LOW
142.9,84.9,17.76,3.573,1.0,VERY HIGH
1.1,44.3,1.3,0.246,0.0759,LOW
129.1,95.0,17.82,3.155,1.0,VERY HIGH
32.5,56.5,3.84,0.701,0.2422,LOW
25.2,65.1,4.87,0.667,0.3345,MEDIUM
63.8,78.4,6.1,1.688,0.5599,HIGH
39.2,53.6,4.4,1.034,0.3417,MEDIUM
31.4,60.0,4.86,0.953,0.2933,MEDIUM
93.8,87.1,10.83,3.834,0.9108,VERY HIGH
45.2,41.4,3.33,0.326,0.2017,LOW
16.3,25.4,1.29,0.371,0.1255,LOW
146.5,97.3,20.85,2.88,1.0,VERY HIGH
89.3,83.6,5.03,2.491,0.6002,HIGH
49.8,65.9,2.49,1.039,0.3561,MEDIUM
106.5,85.6,21.44,3.487,1.0,VERY HIGH
7.9,22.9,0.49,0.444,0.1144,LOW
185.9,85.3,17.05,2.662,1.0,VERY HIGH
5.1,32.0,0.29,0.347,0.1144,LOW
55.5,87.1,7.9,1.309,0.5653,HIGH
46.7,50.8,4.56,0.452,0.2581,LOW
0.3,22.5,2.46,0.356,0.1274,LOW
151.7,87.8,17.75,2.988,1.0,VERY HIGH
103.9,78.9,5.64,1.375,0.6465,HIGH
28.2,56.9,2.73,0.762,0.2877,MEDIUM
118.0,83.8,16.77,3.236,1.0,VERY HIGH
67.9,76.3,11.83,1.582,0.5995,HIGH
2.0,20.4,0.11,0.292,0.0372,LOW
107.8,73.5,5.12,1.422,0.6068,HIGH
5.0,16.2,2.19,0.345,0.0627,LOW
168.9,89.3,15.45,3.475,1.0,VERY HIGH
101.9,97.6,10.36,2.76,0.8475,VERY HIGH
59.4,82.6,7.23,2.168,0.5872,HIGH
58.6,69.2,8.01,2.213,0.5838,HIGH
39.7,64.9,2.68,1.321,0.3167,MEDIUM
30.8,55.3,5.02,1.354,0.3295,MEDIUM
25.5,67.1,4.1,1.394,0.3578,MEDIUM
91.4,84.0,16.61,4.488,1.0,VERY HIGH
149.7,97.9,17.75,3.954,1.0,VERY HIGH
6.0,29.3,0.64,0.122,0.1366,LOW
10.8,27.1,0.8,0.413,0.0838,LOW
61.2,87.0,8.72,2.206,0.6302,HIGH
9.2,34.7,2.04,0.114,0.0771,LOW
107.4,82.5,5.55,1.174,0.5774,HIGH
110.5,68.0,6.99,1.367,0.6311,HIGH
78.0,80.4,10.03,1.964,0.66,HIGH
8.0,28.5,0.66,0.445,0.0725,LOW
16.5,30.0,1.51,0.378,0.0991,LOW
134.9,89.5,10.93,3.575,1.0,VERY HIGH
20.5,69.1,2.68,1.392,0.2719,LOW
19.6,45.9,1.88,0.508,0.1021,LOW
88.9,80.3,11.99,2.406,0.8177,VERY HIGH
8.4,38.1,1.27,0.083,0.0228,LOW
64.1,77.1,5.91,2.794,0.6118,HIGH
3.1,22.3,0.78,0.054,0.0703,LOW
47.0,50.5,1.81,0.387,0.1937,LOW
150.3,85.6,9.04,3.16,0.9512,VERY HIGH
185.6,90.5,23.83,4.091,1.0,VERY HIGH
64.6,77.4,11.03,1.865,0.6113,HIGH
42.1,59.2,3.33,1.391,0.3155,MEDIUM
45.5,67.4,4.2,0.828,0.3997,MEDIUM
24.0,41.2,4.44,1.332,0.255,LOW
156.8,93.6,17.25,4.993,1.0,VERY HIGH
94.3,78.6,9.29,1.171,0.7502,HIGH
27.0,43.7,2.22,0.477,0.2362,LOW
142.3,88.3,17.26,2.959,1.0,VERY HIGH
72.9,79.2,5.45,1.188,0.4607,MEDIUM
144.9,85.9,11.64,3.911,1.0,VERY HIGH
13.2,37.1,0.38,0.359,0.1358,LOW
16.0,28.2,0.8,0.454,0.1391,LOW
4.8,34.1,2.1,0.349,0.126,LOW
7.2,30.5,0.61,0.334,0.093,LOW
116.5,97.1,13.11,3.585,1.0,VERY HIGH
18.0,44.0,5.05,0.327,0.1871,LOW
28.9,54.6,3.04,1.104,0.2781,LOW
5.3,27.8,1.54,0.372,0.1122,LOW
57.8,76.5,10.24,2.799,0.8391,VERY HIGH
0.3,18.8,1.92,0.266,0.0408,LOW
178.5,94.8,14.36,4.893,1.0,VERY HIGH
20.4,51.3,3.62,1.367,0.3498,MEDIUM
100.0,88.2,17.72,4.18,0.9989,VERY HIGH
36.8,66.9,2.72,1.039,0.3868,MEDIUM
28.7,47.1,5.69,0.663,0.2625,LOW
26.9,53.6,2.31,0.654,0.2461,LOW
5.8,38.2,2.2,0.333,0.1097,LOW
101.4,81.1,8.97,1.619,0.7503,HIGH
63.3,79.6,5.07,1.76,0.551,HIGH
169.2,86.9,13.78,4.032,1.0,VERY HIGH
11.0,33.8,1.01,0.211,0.0286,LOW
113.3,98.1,14.16,2.523,1.0,VERY HIGH
10.5,16.6,2.04,0.122,0.0427,LOW
67.7,82.9,5.78,1.982,0.569,HIGH
25.2,70.0,4.51,0.767,0.2813,MEDIUM
161.1,98.8,14.6,2.934,1.0,VERY HIGH
109.8,73.5,11.96,1.356,0.7823,VERY HIGH
8.7,15.9,2.01,0.453,0.0824,LOW
4.6,41.6,0.64,0.171,0.1356,LOW
18.0,21.1,1.13,0.183,0.0791,LOW
11.8,24.5,0.04,0.43,0.04,LOW
113.5,78.4,5.01,2.051,0.7124,HIGH
50.1,65.1,3.33,0.864,0.366,MEDIUM
105.8,87.2,4.85,1.274,0.7712,HIGH
4.1,33.3,1.62,0.082,0.0858,LOW
3.7,42.9,1.09,0.257,0.1133,LOW
64.0,85.1,9.21,2.134,0.7005,HIGH
44.5,62.9,4.26,1.118,0.3886,MEDIUM
39.6,67.3,4.65,0.709,0.4141,MEDIUM
160.4,84.6,11.64,2.401,1.0,VERY HIGH
28.7,68.1,1.89,0.81,0.2346,LOW
98.2,71.2,5.6,2.327,0.6638,HIGH
13.9,25.8,0.03,0.464,0.0183,LOW
29.7,71.4,4.08,0.999,0.318,MEDIUM
183.8,82.1,13.72,3.146,1.0,VERY HIGH
95.5,86.4,11.96,1.457,0.8556,VERY HIGH
10.6,26.8,1.93,0.447,0.131,LOW
47.1,55.6,3.3,0.534,0.265,LOW
101.4,82.8,5.91,2.119,0.6858,HIGH
53.4,57.1,2.25,1.155,0.3345,MEDIUM
77.6,82.9,6.08,2.237,0.6317,HIGH
16.5,25.0,0.8,0.39,0.1529,LOW
19.5,49.5,4.02,0.884,0.2704,LOW
15.2,16.8,1.1,0.152,0.0739,LOW
179.3,96.0,20.65,4.595,1.0,VERY HIGH
5.9,22.8,0.12,0.361,0.1259,LOW
93.5,85.0,5.91,1.239,0.818,VERY HIGH
66.1,68.9,7.36,1.897,0.6301,HIGH
30.4,50.1,5.6,0.762,0.2426,LOW
97.6,68.5,7.72,2.116,0.612,HIGH
85.4,84.7,8.4,1.421,0.689,HIGH
111.1,87.3,16.28,2.586,0.9751,VERY HIGH
49.3,55.3,2.21,1.056,0.3665,MEDIUM
112.0,70.3,9.75,1.844,0.6589,HIGH
34.0,56.4,4.42,0.825,0.3317,MEDIUM
181.7,88.6,17.42,4.53,1.0,VERY HIGH
43.6,69.6,4.08,1.041,0.3531,MEDIUM
36.9,41.2,2.12,0.617,0.244,LOW
40.5,59.1,2.25,1.259,0.327,MEDIUM
2.9,27.7,2.25,0.277,0.1068,LOW
27.5,63.9,4.93,0.629,0.3037,MEDIUM
58.9,87.4,5.78,1.531,0.5239,MEDIUM
26.9,42.0,3.35,0.658,0.25,LOW
33.6,66.6,3.24,0.809,0.3041,MEDIUM
113.0,74.7,8.3,1.499,0.7059,HIGH
1.9,23.6,2.09,0.154,0.0356,LOW
24.2,49.2,4.05,1.381,0.3086,MEDIUM
94.9,78.8,11.28,1.885,0.6973,HIGH
5.2,27.7,0.92,0.032,0.0351,LOW
185.5,84.2,19.47,4.188,1.0,VERY HIGH
99.2,72.8,7.73,1.633,0.6606,HIGH
178.0,98.2,22.66,2.421,1.0,VERY HIGH
114.8,75.9,11.61,1.846,0.8159,VERY HIGH
30.3,41.9,2.63,0.98,0.2497,LOW
15.2,30.2,0.26,0.414,0.0864,LOW
189.6,92.0,22.03,3.765,1.0,VERY HIGH
16.4,41.6,0.91,0.456,0.1006,LOW
60.7,69.6,9.45,2.039,0.5559,HIGH
6.5,27.5,0.14,0.413,0.0097,LOW
3.9,37.6,0.82,0.072,0.0604,LOW
105.5,89.6,13.83,2.381,0.9075,VERY HIGH
184.1,85.3,19.09,4.949,1.0,VERY HIGH
32.7,51.5,2.92,0.324,0.2194,LOW
14.5,21.4,0.47,0.234,0.035,LOW
5.7,37.5,1.87,0.08,0.0332,LOW
51.4,62.5,4.92,1.192,0.4348,MEDIUM
45.6,46.2,3.91,0.349,0.2482,LOW
5.6,17.0,2.48,0.087,0.0703,LOW
176.5,94.6,21.31,4.991,1.0,VERY HIGH
25.5,61.3,2.72,1.104,0.2441,LOW
73.3,71.2,4.91,1.004,0.4321,MEDIUM
68.2,71.8,6.67,2.112,0.6082,HIGH
25.5,70.9,5.07,0.478,0.3429,MEDIUM
188.0,96.9,19.46,2.532,1.0,VERY HIGH
2.7,41.0,2.49,0.236,0.1071,LOW
70.0,85.9,7.14,1.907,0.5895,HIGH
36.6,64.9,5.4,0.545,0.349,MEDIUM
15.6,17.3,1.88,0.482,0.1125,LOW
106.1,90.9,9.04,3.535,0.8184,VERY HIGH
100.0,82.3,11.73,3.94,0.8865,VERY HIGH
7.3,26.2,0.97,0.077,0.1507,LOW
189.1,99.0,21.1,4.422,1.0,VERY HIGH
13.8,25.7,0.18,0.162,0.0718,LOW
63.1,76.2,5.92,1.617,0.4974,MEDIUM
11.7,43.8,2.04,0.208,0.0832,LOW
73.7,77.4,11.2,1.269,0.6481,HIGH
67.3,82.0,6.03,2.136,0.593,HIGH
5.4,36.9,1.4,0.223,0.0205,LOW
41.2,54.6,3.12,1.016,0.3049,MEDIUM
45.6,58.6,3.56,1.308,0.3308,MEDIUM
9.1,16.7,0.27,0.184,0.0279,LOW
9.1,29.8,0.21,0.407,0.1057,LOW
94.9,95.8,12.45,4.214,0.9754,VERY HIGH
23.4,64.7,4.09,1.047,0.3045,MEDIUM
7.9,42.7,0.35,0.382,0.0791,LOW
92.8,83.5,6.61,2.158,0.7069,HIGH
68.8,85.2,10.53,2.243,0.8546,VERY HIGH
46.0,46.8,5.7,1.04,0.3442,MEDIUM
2.5,16.5,0.99,0.039,0.0433,LOW
86.9,69.7,8.85,2.682,0.6483,HIGH
41.4,58.4,3.24,0.343,0.2902,MEDIUM
76.7,75.4,8.71,2.556,0.7139,HIGH
32.2,66.9,4.61,1.209,0.3175,MEDIUM
165.7,99.7,21.03,3.421,1.0,VERY HIGH
31.0,62.3,3.52,0.488,0.2323,LOW
98.6,72.6,6.96,1.295,0.5814,HIGH
10.7,21.5,0.83,0.471,0.058,LOW
9.9,33.6,0.16,0.453,0.108,LOW
114.2,69.5,9.96,1.542,0.7687,HIGH
8.5,38.9,2.39,0.107,0.0768,LOW
40.2,68.5,4.16,1.065,0.354,MEDIUM
135.1,92.1,19.59,2.833,1.0,VERY HIGH
110.9,83.5,6.75,2.708,0.8153,VERY HIGH
27.4,58.5,3.31,1.292,0.2836,MEDIUM
172.8,96.0,17.13,4.39,1.0,VERY HIGH
10.1,34.1,0.38,0.391,0.1368,LOW
39.4,66.1,5.77,1.371,0.3987,MEDIUM
96.4,87.6,6.05,2.034,0.7781,HIGH
44.7,44.8,2.82,0.561,0.258,LOW
10.5,29.4,0.28,0.2,0.1019,LOW
13.9,35.7,1.77,0.237,0.1805,LOW
41.0,68.4,3.07,0.474,0.3166,MEDIUM
96.5,90.2,10.87,1.24,0.7883,VERY HIGH
150.1,85.0,13.25,3.386,1.0,VERY HIGH
141.2,83.5,23.63,3.999,1.0,VERY HIGH
59.4,88.2,4.53,1.399,0.4683,MEDIUM
29.8,54.9,2.3,0.986,0.286,MEDIUM
76.6,88.0,5.6,2.255,0.595,HIGH
6.9,29.8,1.43,0.153,0.0865,LOW
189.5,91.0,20.33,3.207,1.0,VERY HIGH
110.2,85.5,7.66,1.965,0.817,VERY HIGH
70.1,76.4,11.79,2.2,0.849,VERY HIGH
58.4,72.2,9.73,1.41,0.5227,MEDIUM
16.1,37.0,0.37,0.286,0.1061,LOW
136.2,82.3,17.38,2.44,1.0,VERY HIGH
43.2,61.7,4.51,0.562,0.3653,MEDIUM
102.1,69.1,8.5,1.147,0.5959,HIGH
32.4,40.9,2.45,0.37,0.2202,LOW
26.3,43.7,1.89,1.132,0.2547,LOW
169.1,87.4,9.02,3.539,1.0,VERY HIGH
3.0,38.8,2.28,0.296,0.0897,LOW
12.3,29.8,1.96,0.436,0.1282,LOW
171.0,95.0,12.32,4.032,1.0,VERY HIGH
156.9,96.7,22.84,4.9,1.0,VERY HIGH
5.9,39.7,0.18,0.312,0.1332,LOW
77.6,68.3,11.41,1.209,0.653,HIGH
35.2,42.7,3.66,0.75,0.2449,LOW
2.2,16.8,2.49,0.364,0.0935,LOW
65.9,90.5,6.79,2.596,0.5996,HIGH
103.4,86.0,11.31,1.445,0.8009,VERY HIGH
170.1,97.0,18.47,2.472,1.0,VERY HIGH
7.5,45.0,1.37,0.152,0.1649,LOW
148.5,96.2,15.55,2.619,1.0,VERY HIGH
26.4,43.1,2.9,1.188,0.2158,LOW
55.8,87.2,10.84,1.705,0.6212,HIGH
32.2,43.9,5.77,1.16,0.3161,MEDIUM
46.6,59.2,5.41,0.847,0.3773,MEDIUM
26.3,66.8,2.57,0.805,0.2838,MEDIUM
63.3,82.2,10.67,1.35,0.5913,HIGH
33.4,70.9,2.2,0.565,0.2003,LOW
165.5,86.7,9.79,4.678,1.0,VERY HIGH
17.3,24.6,1.8,0.343,0.1169,LOW
77.3,82.1,9.41,2.395,0.6768,HIGH
175.6,96.1,23.68,4.936,1.0,VERY HIGH
12.0,25.3,0.25,0.259,0.0977,LOW
34.4,58.2,2.34,0.836,0.3156,MEDIUM
2.7,44.1,0.89,0.172,0.0707,LOW
50.6,52.9,1.95,1.026,0.3102,MEDIUM
6.6,36.3,2.5,0.304,0.0724,LOW
10.5,17.8,1.81,0.139,0.115,LOW
43.7,61.0,3.49,0.594,0.2763,LOW
17.9,44.6,1.5,0.081,0.1217,LOW
5.1,31.1,1.33,0.109,0.0906,LOW
97.1,79.3,7.74,1.923,0.6377,HIGH
163.1,99.1,14.63,4.338,1.0,VERY HIGH
24.4,57.6,2.06,1.208,0.2805,MEDIUM
37.0,71.7,4.43,0.853,0.3153,MEDIUM
126.1,88.7,22.41,4.803,1.0,VERY HIGH
187.6,83.0,9.56,4.471,1.0,VERY HIGH
162.7,89.7,12.62,3.65,1.0,VERY HIGH
8.3,17.0,1.41,0.246,0.0281,LOW
51.1,64.6,4.43,1.118,0.4214,MEDIUM
0.9,17.2,1.95,0.154,0.0667,LOW
25.0,45.9,1.96,0.923,0.2381,LOW
24.6,40.5,4.5,1.344,0.2555,LOW
0.9,30.0,1.41,0.482,0.088,LOW
11.3,26.4,1.01,0.421,0.0677,LOW
109.4,91.4,9.24,2.148,0.8289,VERY HIGH
90.7,89.9,6.92,1.995,0.7574,HIGH
131.1,91.9,24.14,2.842,1.0,VERY HIGH
14.9,31.4,1.63,0.338,0.0947,LOW
182.6,92.5,19.5,4.465,1.0,VERY HIGH
184.6,98.0,11.08,2.8,1.0,VERY HIGH
40.6,60.1,3.45,0.418,0.2977,MEDIUM
19.1,70.2,1.92,1.043,0.1806,LOW
105.7,88.8,5.06,1.432,0.787,VERY HIGH
28.2,60.5,3.11,1.313,0.2774,LOW
8.2,39.7,0.82,0.284,0.1612,LOW
172.7,89.6,22.71,3.402,1.0,VERY HIGH
17.6,35.9,0.82,0.344,0.107,LOW
133.4,97.9,21.18,3.033,1.0,VERY HIGH
105.1,75.2,5.57,2.597,0.743,HIGH
2.6,42.7,0.1,0.498,0.0644,LOW
0.5,20.9,1.11,0.112,0.058,LOW
83.3,87.6,4.92,1.9,0.6273,HIGH
30.8,61.9,2.44,0.515,0.2284,LOW
12.6,17.9,1.49,0.175,0.0959,LOW
98.9,96.6,22.25,2.982,1.0,VERY HIGH
111.6,68.2,7.71,2.139,0.699,HIGH
24.5,61.1,3.32,1.254,0.2718,LOW
81.9,90.6,9.87,2.02,0.8029,VERY HIGH
13.1,20.2,0.0,0.048,0.0452,LOW
15.4,31.0,0.22,0.494,0.095,LOW
8.3,18.1,0.64,0.124,0.0242,LOW
113.6,74.9,10.46,1.116,0.7837,VERY HIGH
92.5,71.4,7.41,1.924,0.6377,HIGH
35.2,51.2,3.37,1.129,0.2589,LOW
16.8,25.4,1.32,0.463,0.121,LOW
0.9,25.6,1.47,0.409,0.0673,LOW
60.7,91.7,11.57,1.383,0.6695,HIGH
17.9,24.1,1.58,0.093,0.1024,LOW
104.3,91.1,5.2,1.447,0.7856,VERY HIGH
12.7,33.9,2.39,0.498,0.1366,LOW
147.8,91.9,10.49,3.546,1.0,VERY HIGH
124.0,84.6,11.85,2.772,0.8626,VERY HIGH
0.1,29.3,2.23,0.055,0.088,LOW
91.3,71.6,9.72,1.653,0.6903,HIGH
57.6,73.5,10.01,2.49,0.7765,HIGH
98.6,82.0,5.16,2.595,0.7594,HIGH
39.9,54.5,4.41,1.22,0.3371,MEDIUM
4.2,42.9,1.81,0.082,0.0897,LOW
84.8,91.4,8.83,1.288,0.6263,HIGH
67.3,76.5,10.76,1.152,0.5963,HIGH
42.8,43.1,3.61,0.957,0.3216,MEDIUM
37.8,71.5,3.9,0.522,0.323,MEDIUM
17.7,34.2,0.38,0.269,0.1509,LOW
113.0,84.7,8.21,1.603,0.7633,HIGH
114.9,95.7,18.58,2.307,1.0,VERY HIGH
65.8,71.3,11.42,1.426,0.6468,HIGH
14.2,43.1,2.01,0.388,0.1396,LOW
14.1,44.8,2.21,0.275,0.1042,LOW
2.2,38.2,2.34,0.186,0.1215,LOW
86.6,84.7,7.1,1.76,0.6897,HIGH
20.9,40.4,5.15,1.032,0.2174,LOW
26.4,51.2,3.9,1.042,0.3272,MEDIUM
8.4,39.9,0.33,0.16,0.0468,LOW
12.9,43.1,0.1,0.431,0.0248,LOW
65.5,86.8,10.93,1.02,0.6486,HIGH
32.2,70.6,4.3,1.37,0.4164,MEDIUM
2.5,15.7,2.44,0.221,0.1214,LOW
167.6,87.8,18.85,4.995,1.0,VERY HIGH
118.9,92.7,21.56,3.837,1.0,VERY HIGH
13.3,28.9,0.88,0.423,0.0616,LOW
103.5,89.0,10.57,2.403,0.7404,HIGH
89.6,78.6,4.69,2.654,0.6303,HIGH
2.6,26.3,0.14,0.248,0.0566,LOW
8.7,33.9,1.18,0.156,0.0872,LOW
2.5,27.6,2.34,0.176,0.1045,LOW
191.5,84.0,19.43,3.125,1.0,VERY HIGH
77.7,68.5,9.91,1.151,0.564,HIGH
139.0,82.9,20.36,4.059,1.0,VERY HIGH
68.6,87.8,5.66,2.455,0.6566,HIGH
39.0,43.2,2.9,0.941,0.2652,LOW
17.9,34.1,0.0,0.428,0.1053,LOW
142.1,90.2,23.59,2.256,1.0,VERY HIGH
127.3,86.5,9.98,2.698,0.8575,VERY HIGH
59.6,91.7,6.5,2.654,0.6174,HIGH
15.0,15.0,0.64,0.167,0.0249,LOW
113.8,74.2,5.28,1.795,0.6377,HIGH
24.8,41.9,2.0,0.939,0.2121,LOW
8.4,24.2,2.23,0.362,0.1184,LOW
80.5,88.1,7.05,2.435,0.699,HIGH
105.6,85.2,19.08,2.886,1.0,VERY HIGH
26.7,51.1,4.33,0.756,0.3102,MEDIUM
60.9,73.7,12.0,2.491,0.8154,VERY HIGH
47.6,67.8,4.45,0.306,0.3289,MEDIUM
90.4,85.8,22.57,4.263,1.0,VERY HIGH
0.2,38.6,0.06,0.098,0.0574,LOW
27.1,57.8,4.57,0.651,0.268,LOW
96.8,93.1,13.5,3.032,0.9475,VERY HIGH
33.7,47.1,2.39,0.701,0.2551,LOW
14.7,16.1,1.67,0.272,0.0382,LOW
24.4,60.3,4.42,0.327,0.2444,LOW
50.5,64.0,5.54,1.13,0.3775,MEDIUM
33.6,60.0,2.72,0.768,0.3296,MEDIUM
29.4,69.4,2.7,0.757,0.3027,MEDIUM
37.2,65.8,2.58,1.19,0.3881,MEDIUM
156.1,93.7,23.29,4.393,1.0,VERY HIGH
164.4,85.8,10.21,4.951,1.0,VERY HIGH
5.1,43.0,1.91,0.488,0.1029,LOW
179.0,87.4,15.65,3.197,1.0,VERY HIGH
0.9,21.9,2.16,0.424,0.0378,LOW
90.1,92.2,9.97,2.665,0.8182,VERY HIGH
104.8,90.5,10.48,4.887,0.889,VERY HIGH
41.8,54.9,5.35,0.952,0.3583,MEDIUM
49.5,60.9,4.37,1.01,0.3332,MEDIUM
0.4,31.4,1.74,0.394,0.0666,LOW
2.6,44.3,1.24,0.176,0.0468,LOW
44.8,64.2,3.41,1.157,0.3562,MEDIUM
113.4,86.8,8.95,2.526,0.8541,VERY HIGH
14.1,38.9,0.03,0.265,0.0797,LOW
34.5,56.2,3.51,1.165,0.2841,MEDIUM
8.3,20.9,0.82,0.459,0.0361,LOW
6.6,20.6,2.39,0.378,0.1395,LOW
33.9,51.0,4.14,0.484,0.2989,MEDIUM
98.9,85.4,6.6,1.962,0.791,VERY HIGH
57.8,85.5,5.65,1.249,0.4764,MEDIUM
17.9,42.8,2.41,0.032,0.1735,LOW
42.7,52.5,4.45,0.917,0.2988,MEDIUM
5.4,43.1,2.29,0.344,0.1925,LOW
20.0,56.8,4.29,0.69,0.2595,LOW
59.8,85.2,6.69,1.745,0.5129,MEDIUM
36.8,48.4,4.57,0.679,0.2668,LOW
24.0,63.6,5.74,0.601,0.2923,MEDIUM
30.6,43.7,3.09,0.487,0.2226,LOW
67.2,88.0,4.62,1.449,0.5306,MEDIUM
42.7,52.6,2.97,0.839,0.291,MEDIUM
11.6,19.1,1.66,0.447,0.1187,LOW
30.7,66.4,4.77,0.584,0.3417,MEDIUM
5.9,25.4,1.45,0.224,0.0888,LOW
45.1,70.3,2.02,0.969,0.2949,MEDIUM
2.2,42.3,1.17,0.035,0.1206,LOW
73.1,80.2,6.17,2.706,0.6468,HIGH
30.1,71.8,3.6,0.75,0.2768,LOW
52.1,54.7,3.24,0.729,0.2826,MEDIUM
106.1,76.0,5.93,2.422,0.7425,HIGH
55.7,78.2,4.6,1.954,0.4258,MEDIUM
84.4,80.7,8.15,1.148,0.6162,HIGH
2.5,24.8,1.19,0.104,0.0857,LOW
16.1,17.0,2.14,0.368,0.1045,LOW
123.1,84.8,13.62,2.2,0.8873,VERY HIGH
76.1,70.8,4.89,2.116,0.5763,HIGH
6.3,43.9,0.28,0.252,0.0731,LOW
18.9,70.8,3.07,0.703,0.2764,LOW
149.1,98.0,14.42,4.773,1.0,VERY HIGH
91.6,86.7,6.76,1.737,0.8746,VERY HIGH
2.6,43.5,2.1,0.105,0.0726,LOW
23.7,44.4,5.73,0.42,0.2306,LOW
169.9,96.7,10.57,4.453,1.0,VERY HIGH
10.0,24.3,2.32,0.185,0.0448,LOW
176.9,88.2,14.5,3.243,1.0,VERY HIGH
60.8,88.0,10.1,1.307,0.5514,HIGH
149.2,93.3,9.72,4.183,1.0,VERY HIGH
3.7,16.3,2.03,0.383,0.0408,LOW
33.1,62.2,4.99,1.001,0.334,MEDIUM
110.2,82.7,8.71,1.462,0.7085,HIGH
106.8,77.4,6.92,1.519,0.6566,HIGH
137.5,99.5,14.71,4.997,1.0,VERY HIGH
5.7,19.9,1.46,0.384,0.0417,LOW
112.2,87.4,5.07,2.035,0.7997,VERY HIGH
20.6,62.8,1.82,0.581,0.1587,LOW
8.5,38.5,0.93,0.291,0.089,LOW
25.3,55.8,1.91,0.932,0.1964,LOW
42.3,62.1,3.69,0.888,0.3228,MEDIUM
1.5,35.4,1.01,0.082,0.009,LOW
6.9,41.8,0.79,0.446,0.1118,LOW
5.1,19.6,2.06,0.29,0.0955,LOW
91.1,73.2,4.97,1.424,0.5719,HIGH
106.3,94.3,19.15,2.313,1.0,VERY HIGH
13.8,19.0,0.27,0.177,0.0417,LOW
112.7,84.9,5.42,2.692,0.8317,VERY HIGH
165.8,83.6,10.44,2.446,1.0,VERY HIGH
52.5,68.0,3.43,1.093,0.3528,MEDIUM
180.6,83.9,20.65,3.625,1.0,VERY HIGH
10.5,33.9,1.7,0.327,0.0978,LOW
138.0,98.8,13.47,2.511,1.0,VERY HIGH
37.4,54.7,4.44,1.162,0.3304,MEDIUM
128.1,86.2,17.3,4.343,1.0,VERY HIGH
194.8,83.8,24.16,2.797,1.0,VERY HIGH
106.2,80.2,10.51,1.005,0.7873,VERY HIGH
130.8,95.4,24.36,3.542,1.0,VERY HIGH
63.7,73.7,6.72,2.568,0.6162,HIGH
62.6,79.2,9.55,2.135,0.609,HIGH
48.7,55.8,3.75,1.12,0.3167,MEDIUM
45.9,56.3,2.65,0.89,0.3202,MEDIUM
56.5,86.8,8.58,1.352,0.5297,MEDIUM
15.3,17.7,1.24,0.322,0.1406,LOW
71.5,78.9,5.86,2.452,0.5669,HIGH
96.8,76.4,11.25,1.694,0.7269,HIGH
20.3,68.1,1.88,0.432,0.2708,LOW
8.9,17.1,2.43,0.494,0.1465,LOW
75.4,81.3,5.05,1.537,0.5402,MEDIUM
11.6,30.2,1.05,0.177,0.0072,LOW
0.4,26.6,2.15,0.229,0.0796,LOW
81.3,77.9,10.32,1.627,0.6125,HIGH
23.9,71.1,2.57,0.833,0.2124,LOW
36.7,65.8,5.53,0.667,0.3852,MEDIUM
112.6,96.3,17.42,4.522,1.0,VERY HIGH
29.9,58.0,5.74,0.952,0.393,MEDIUM
4.3,16.7,1.69,0.312,0.093,LOW
43.2,54.4,4.33,0.441,0.3021,MEDIUM
11.7,26.1,2.43,0.37,0.1228,LOW
115.7,97.7,13.43,2.977,0.9578,VERY HIGH
21.2,52.1,4.04,0.961,0.3017,MEDIUM
81.3,83.0,11.02,1.231,0.6587,HIGH
49.6,48.2,3.84,0.646,0.335,MEDIUM
150.3,90.2,18.14,2.413,1.0,VERY HIGH
23.1,63.9,5.23,1.035,0.3702,MEDIUM
154.7,99.6,23.67,2.685,1.0,VERY HIGH
99.4,73.6,9.91,2.32,0.8532,VERY HIGH
29.4,67.6,5.21,1.371,0.4155,MEDIUM
18.3,68.5,5.43,1.27,0.3604,MEDIUM
45.1,51.7,4.41,1.217,0.3207,MEDIUM
78.3,78.8,9.86,2.606,0.7588,HIGH
10.0,19.2,0.43,0.376,0.0669,LOW
2.5,21.4,1.7,0.207,0.0697,LOW
5.3,18.5,1.58,0.469,0.1413,LOW
6.0,29.0,1.28,0.169,0.0949,LOW
133.5,96.9,20.36,3.647,1.0,VERY HIGH
29.2,54.4,5.75,0.303,0.2109,LOW
95.7,99.2,17.69,2.294,0.977,VERY HIGH
149.9,94.6,10.65,4.487,1.0,VERY HIGH
57.8,72.6,6.76,2.601,0.5768,HIGH
88.8,74.1,10.82,2.153,0.7024,HIGH
22.3,59.7,5.58,1.322,0.3092,MEDIUM
108.1,72.2,7.03,1.122,0.5984,HIGH
34.2,49.1,2.27,1.227,0.2289,LOW
174.8,88.8,23.02,2.566,1.0,VERY HIGH
83.3,85.7,10.02,1.402,0.6278,HIGH
73.3,75.8,6.65,1.75,0.5471,MEDIUM
0.7,21.4,0.36,0.168,0.0211,LOW
74.9,69.0,7.41,1.675,0.5762,HIGH
16.0,37.0,0.47,0.069,0.0693,LOW
37.7,60.8,4.76,0.624,0.2994,MEDIUM
60.1,72.5,7.06,1.993,0.5922,HIGH
118.1,92.2,19.58,3.587,1.0,VERY HIGH
14.4,23.3,0.26,0.475,0.0,LOW
122.7,95.8,19.42,2.24,1.0,VERY HIGH
12.9,32.1,0.23,0.421,0.0475,LOW
7.3,25.2,0.48,0.222,0.0451,LOW
23.5,66.2,2.39,0.713,0.2551,LOW
75.6,81.8,7.64,2.425,0.6607,HIGH
13.2,44.8,2.12,0.478,0.1894,LOW
44.4,59.4,3.08,1.291,0.3416,MEDIUM
13.5,27.1,0.98,0.337,0.0893,LOW
15.1,28.0,1.73,0.082,0.1249,LOW
41.0,41.1,4.16,0.646,0.2587,LOW
17.1,42.3,1.44,0.166,0.0511,LOW
13.4,33.0,0.38,0.319,0.1238,LOW
156.0,90.4,11.79,4.878,1.0,VERY HIGH
2.6,27.9,1.73,0.455,0.0857,LOW
116.1,84.9,17.13,2.43,0.9572,VERY HIGH
40.5,69.8,2.38,0.557,0.2949,MEDIUM
111.8,79.4,6.28,1.93,0.6989,HIGH
186.1,96.8,15.62,4.038,1.0,VERY HIGH
39.6,44.4,3.56,0.694,0.2188,LOW
48.4,64.1,4.49,1.344,0.3868,MEDIUM
119.1,82.8,17.92,2.974,1.0,VERY HIGH
41.7,56.0,4.15,1.043,0.3328,MEDIUM
77.9,86.3,10.88,2.105,0.7046,HIGH
11.4,43.3,0.55,0.258,0.0969,LOW
4.3,35.3,0.65,0.053,0.0767,LOW
106.5,91.7,7.93,1.993,0.8275,VERY HIGH
3.5,16.2,1.45,0.09,0.0163,LOW
100.3,83.7,6.14,1.493,0.6492,HIGH
75.8,80.1,7.25,1.437,0.561,HIGH
30.7,55.5,3.72,0.966,0.2686,LOW
56.9,78.2,8.22,1.254,0.4916,MEDIUM
2.2,20.7,1.32,0.326,0.0621,LOW
1.0,43.8,1.77,0.175,0.1093,LOW
102.2,82.8,6.72,1.808,0.6903,HIGH
3.2,36.9,1.08,0.405,0.106,LOW
13.7,17.6,2.47,0.358,0.1633,LOW
181.6,93.4,12.03,4.886,1.0,VERY HIGH
11.3,21.4,0.19,0.096,0.1076,LOW
1.8,35.2,1.9,0.154,0.1427,LOW
24.2,48.7,5.08,0.626,0.3319,MEDIUM
86.1,83.5,10.95,1.02,0.6711,HIGH
12.1,34.7,0.63,0.491,0.0781,LOW
41.0,69.2,1.94,1.364,0.2953,MEDIUM
24.9,71.8,3.31,0.793,0.3334,MEDIUM
106.9,89.3,14.54,2.827,0.9269,VERY HIGH
20.5,47.5,4.04,1.246,0.2746,LOW
41.1,56.2,3.36,0.875,0.358,MEDIUM
106.4,82.6,10.3,2.34,0.7948,VERY HIGH
57.1,73.9,8.99,2.094,0.5615,HIGH
0.1,22.7,0.36,0.265,0.05,LOW
84.1,75.7,10.84,1.142,0.6098,HIGH
29.3,49.5,4.21,0.654,0.2837,MEDIUM
2.8,17.9,2.42,0.428,0.1124,LOW
0.8,26.1,0.15,0.257,0.092,LOW
80.4,91.1,5.32,1.318,0.6648,HIGH
44.0,42.4,4.1,0.451,0.2146,LOW
12.3,16.5,0.59,0.464,0.0685,LOW
154.9,85.8,21.53,3.028,1.0,VERY HIGH
27.7,43.5,1.95,0.604,0.181,LOW
95.8,74.5,9.19,1.77,0.6715,HIGH
82.2,70.4,7.25,1.275,0.5809,HIGH
153.6,88.2,22.74,2.955,1.0,VERY HIGH
3.6,40.7,1.18,0.202,0.0975,LOW
95.8,85.8,11.42,1.654,0.7752,HIGH
62.4,90.1,11.07,1.558,0.6495,HIGH
9.7,24.4,1.37,0.158,0.0455,LOW
116.2,94.4,23.5,3.599,1.0,VERY HIGH
138.5,82.6,16.27,3.635,1.0,VERY HIGH
40.3,66.7,2.28,0.906,0.2769,LOW
167.6,87.5,23.7,4.681,1.0,VERY HIGH
177.8,92.6,23.19,3.715,1.0,VERY HIGH
11.9,32.0,1.36,0.061,0.1328,LOW
45.9,48.5,2.85,1.306,0.2391,LOW
1.8,30.1,1.39,0.107,0.1282,LOW
13.8,28.5,1.47,0.336,0.1692,LOW
157.1,99.0,13.04,3.225,1.0,VERY HIGH
129.0,83.3,21.85,2.445,1.0,VERY HIGH
159.1,89.2,9.42,4.635,1.0,VERY HIGH
189.9,82.2,14.17,3.153,1.0,VERY HIGH
19.0,71.5,2.95,0.998,0.2467,LOW
5.8,23.9,1.55,0.37,0.0852,LOW
12.0,37.6,1.47,0.115,0.1041,LOW
1.9,19.7,0.88,0.465,0.0595,LOW
16.2,20.6,2.0,0.035,0.0381,LOW
94.8,91.0,5.28,1.065,0.8091,VERY HIGH
64.2,78.2,5.75,1.076,0.5344,MEDIUM
154.4,84.6,23.9,2.511,1.0,VERY HIGH
53.9,61.1,4.02,0.793,0.3073,MEDIUM
102.3,81.3,11.31,2.019,0.7841,VERY HIGH
31.2,55.9,5.41,0.697,0.2517,LOW
88.6,86.6,8.02,2.227,0.6977,HIGH
192.2,93.6,9.01,3.831,1.0,VERY HIGH
9.7,17.1,1.51,0.476,0.0568,LOW
191.4,90.0,9.29,2.912,1.0,VERY HIGH
2.2,33.4,1.08,0.093,0.1161,LOW
14.1,33.0,0.37,0.116,0.0861,LOW
16.9,24.1,0.98,0.2,0.1148,LOW
14.7,40.5,0.93,0.396,0.1734,LOW
72.1,70.8,9.87,1.294,0.5721,HIGH
85.2,76.9,11.02,1.354,0.7181,HIGH
61.6,85.0,10.51,1.33,0.6421,HIGH
29.4,61.4,3.0,0.857,0.3038,MEDIUM
11.1,37.4,1.23,0.087,0.0334,LOW
33.1,47.2,3.1,0.899,0.2667,LOW
49.2,40.8,4.1,0.308,0.2311,LOW
68.2,71.3,7.04,1.074,0.5743,HIGH
92.8,89.0,8.72,2.256,0.7952,VERY HIGH
150.0,95.6,15.33,2.482,1.0,VERY HIGH
15.4,29.0,1.47,0.356,0.1952,LOW
19.4,70.0,3.12,0.874,0.3152,MEDIUM
113.8,92.4,18.37,3.608,1.0,VERY HIGH
93.3,69.9,7.48,1.496,0.5896,HIGH
3.7,42.1,1.37,0.349,0.1047,LOW
86.5,69.7,7.04,2.391,0.6039,HIGH
97.6,76.9,11.14,2.686,0.7691,HIGH
11.7,31.7,0.79,0.065,0.0649,LOW
193.3,91.6,13.86,2.661,1.0,VERY HIGH
15.8,27.6,0.24,0.459,0.0838,LOW
173.6,88.6,12.87,4.657,1.0,VERY HIGH
50.9,44.0,4.67,1.075,0.3349,MEDIUM
24.3,53.7,2.51,1.028,0.242,LOW
105.4,87.8,11.93,2.149,0.8966,VERY HIGH
11.9,18.6,0.03,0.021,0.0114,LOW
23.1,66.5,3.33,0.734,0.3227,MEDIUM
5.4,20.4,1.88,0.407,0.0566,LOW
26.8,60.5,3.21,0.733,0.268,LOW
182.0,96.7,12.25,3.402,1.0,VERY HIGH
31.1,68.6,3.67,1.3,0.3028,MEDIUM
76.4,83.9,11.98,1.611,0.6957,HIGH
114.2,91.9,6.93,1.621,0.8326,VERY HIGH
17.1,41.9,1.84,0.498,0.175,LOW
31.0,70.1,4.39,0.822,0.3201,MEDIUM
2.5,23.1,0.69,0.374,0.0713,LOW
25.8,62.9,4.95,0.489,0.2887,MEDIUM
56.7,68.8,8.48,1.928,0.5874,HIGH
24.1,45.4,4.19,0.334,0.1739,LOW
4.8,41.0,1.56,0.071,0.1395,LOW
105.0,77.5,6.42,1.703,0.7208,HIGH
137.2,90.4,13.45,2.549,0.9562,VERY HIGH
2.0,38.9,2.23,0.182,0.0517,LOW
130.5,96.6,17.59,3.392,1.0,VERY HIGH
30.7,61.7,5.41,0.328,0.3227,MEDIUM
1.7,42.8,2.18,0.415,0.1879,LOW
25.4,45.5,3.85,0.534,0.1779,LOW
129.0,98.6,13.74,4.143,1.0,VERY HIGH
21.2,59.5,5.59,0.808,0.3119,MEDIUM
135.0,96.7,19.97,4.567,1.0,VERY HIGH
49.2,49.9,4.68,0.324,0.3171,MEDIUM
100.8,99.4,10.46,3.051,0.8439,VERY HIGH
29.5,52.4,3.94,0.489,0.2188,LOW
88.2,91.7,4.71,1.149,0.5999,HIGH
61.3,84.1,9.09,1.93,0.5123,MEDIUM
26.7,60.4,2.59,0.432,0.2079,LOW
12.5,21.5,0.71,0.246,0.032,LOW
171.8,90.1,13.23,4.308,1.0,VERY HIGH
28.8,63.8,4.64,0.726,0.3269,MEDIUM
49.8,63.8,5.8,0.741,0.37,MEDIUM
10.8,29.2,0.25,0.098,0.1358,LOW
38.8,63.3,2.65,1.372,0.3875,MEDIUM
96.4,96.0,22.45,3.8,1.0,VERY HIGH
114.9,98.7,14.98,4.666,1.0,VERY HIGH
32.3,40.3,3.16,0.82,0.2171,LOW
26.3,55.3,3.91,0.672,0.292,MEDIUM
97.1,77.5,10.95,2.091,0.7425,HIGH
71.4,71.9,7.81,1.228,0.5503,HIGH
22.6,55.8,2.44,0.912,0.1864,LOW
52.5,67.1,2.8,0.908,0.3033,MEDIUM
23.8,60.8,2.91,0.846,0.2587,LOW
15.8,25.2,0.19,0.371,0.0492,LOW
54.8,64.0,4.0,0.741,0.2607,LOW
187.2,99.4,17.97,2.351,1.0,VERY HIGH
11.1,37.9,1.72,0.026,0.0485,LOW
73.7,84.2,6.66,2.179,0.6656,HIGH
94.7,89.5,8.4,1.678,0.8034,VERY HIGH
53.8,65.7,4.64,0.685,0.403,MEDIUM
94.9,79.4,8.39,1.961,0.6697,HIGH
36.5,54.6,4.83,1.193,0.3479,MEDIUM
79.1,77.2,11.9,1.757,0.765,HIGH
18.4,41.5,1.98,0.71,0.1454,LOW
109.8,86.9,6.0,1.37,0.7293,HIGH
43.7,52.8,5.39,1.163,0.3406,MEDIUM
154.2,89.0,19.0,4.607,1.0,VERY HIGH
136.8,93.3,9.92,3.598,0.9899,VERY HIGH
1.9,23.5,0.89,0.269,0.0395,LOW
59.9,73.8,7.63,1.748,0.6173,HIGH
0.8,43.4,2.42,0.37,0.0786,LOW
34.3,40.5,2.04,1.082,0.1902,LOW
2.1,25.2,0.05,0.331,0.0445,LOW
66.3,71.6,5.86,1.813,0.5131,MEDIUM
26.8,63.3,2.34,0.427,0.2163,LOW
181.5,95.5,22.96,3.346,1.0,VERY HIGH
63.6,84.1,9.75,1.095,0.6231,HIGH
105.7,94.8,10.98,4.888,0.968,VERY HIGH
62.4,86.9,6.25,1.632,0.5377,MEDIUM
143.2,91.6,12.35,4.73,1.0,VERY HIGH
192.9,89.6,22.24,2.713,1.0,VERY HIGH
28.3,58.2,2.06,1.026,0.2536,LOW
31.6,57.8,3.37,0.803,0.2513,LOW
146.8,93.4,15.27,3.912,1.0,VERY HIGH
16.4,17.8,1.26,0.343,0.1142,LOW
9.6,33.1,2.36,0.218,0.1773,LOW
15.6,34.0,0.7,0.192,0.132,LOW
4.4,15.6,1.6,0.024,0.085,LOW
45.3,64.2,4.92,0.957,0.395,MEDIUM
63.8,82.8,7.63,2.032,0.6028,HIGH
62.6,90.5,7.44,1.224,0.5516,HIGH
149.8,97.1,24.08,3.574,1.0,VERY HIGH
151.3,83.7,20.71,2.413,1.0,VERY HIGH
173.4,97.3,14.38,2.491,1.0,VERY HIGH
29.1,54.5,5.8,0.517,0.3487,MEDIUM
21.4,68.7,4.37,1.104,0.3347,MEDIUM
1.7,32.2,1.8,0.473,0.0941,LOW
9.3,28.3,0.28,0.243,0.0866,LOW
11.7,28.1,1.11,0.443,0.0649,LOW
28.8,63.5,2.33,1.243,0.3293,MEDIUM
28.1,42.0,2.3,1.374,0.2235,LOW
16.2,36.5,0.85,0.04,0.1013,LOW
7.8,23.3,1.81,0.404,0.0727,LOW
20.1,59.2,3.97,1.066,0.2195,LOW
40.4,60.7,4.74,1.015,0.3399,MEDIUM
19.5,63.2,5.42,1.318,0.3201,MEDIUM
38.8,51.3,5.46,0.478,0.2939,MEDIUM
26.4,63.1,5.29,0.75,0.2722,LOW
108.0,77.3,11.64,1.914,0.7381,HIGH
69.7,81.4,5.74,2.244,0.5534,HIGH
17.0,41.5,0.98,0.5,0.221,LOW
107.1,94.4,12.87,3.224,0.9869,VERY HIGH
86.5,75.0,8.59,2.263,0.7161,HIGH
18.6,45.4,3.43,1.317,0.3002,MEDIUM
102.5,98.6,19.43,2.304,1.0,VERY HIGH
15.3,25.5,1.49,0.362,0.1005,LOW
183.8,87.4,18.89,2.894,1.0,VERY HIGH
55.6,79.4,10.93,1.194,0.6298,HIGH
70.9,78.0,5.04,1.84,0.5861,HIGH
18.2,55.3,4.88,0.449,0.237,LOW
48.6,58.5,3.79,0.413,0.3282,MEDIUM
37.6,52.1,3.95,1.001,0.2436,LOW
64.0,85.2,5.14,2.785,0.5965,HIGH
80.5,91.5,11.7,2.671,0.8405,VERY HIGH
16.1,41.2,1.55,0.179,0.0864,LOW
5.3,20.0,0.98,0.076,0.0431,LOW
153.6,98.8,13.86,4.722,1.0,VERY HIGH
5.7,19.6,0.94,0.317,0.0388,LOW
3.6,43.5,0.25,0.389,0.0701,LOW
11.2,29.3,2.47,0.388,0.1343,LOW
194.2,84.4,18.65,3.175,1.0,VERY HIGH
47.1,67.3,1.93,1.268,0.2895,MEDIUM
179.4,84.0,22.6,3.282,1.0,VERY HIGH
17.3,20.1,0.39,0.225,0.0972,LOW
17.9,22.8,1.27,0.054,0.0807,LOW
3.5,31.5,1.51,0.269,0.0774,LOW
140.1,87.4,9.49,3.533,0.995,VERY HIGH
16.6,40.1,1.69,0.262,0.1508,LOW
67.0,81.6,4.88,2.478,0.568,HIGH
2.6,20.1,1.52,0.369,0.123,LOW
16.8,18.6,0.38,0.137,0.0722,LOW
2.8,41.6,0.02,0.104,0.0825,LOW
71.5,69.9,6.76,1.044,0.5231,MEDIUM
3.6,28.8,1.46,0.059,0.099,LOW
39.8,67.6,4.32,1.098,0.3487,MEDIUM
16.7,43.9,1.59,0.071,0.1758,LOW
14.4,19.6,2.19,0.198,0.1411,LOW
133.6,83.5,20.63,4.205,1.0,VERY HIGH
143.6,83.7,13.69,3.048,1.0,VERY HIGH
49.0,62.2,5.32,1.346,0.3934,MEDIUM
7.4,27.1,1.13,0.093,0.1008,LOW
1.2,19.7,0.67,0.054,0.0221,LOW
50.2,46.6,5.65,1.278,0.292,MEDIUM
11.2,41.8,0.39,0.386,0.1014,LOW
28.9,52.1,4.97,0.725,0.3194,MEDIUM
89.2,77.5,9.29,1.36,0.6225,HIGH
75.2,86.4,4.82,2.677,0.6418,HIGH
104.1,89.9,11.03,1.976,0.7709,HIGH
16.1,44.6,1.43,0.084,0.1401,LOW
124.9,95.9,21.79,4.174,1.0,VERY HIGH
24.2,41.4,2.91,1.024,0.2431,LOW
65.3,69.9,11.6,2.517,0.7527,HIGH
55.2,81.0,5.91,1.54,0.5124,MEDIUM
145.6,93.8,19.47,2.408,1.0,VERY HIGH
15.3,35.2,1.18,0.196,0.0888,LOW
102.6,81.4,8.12,2.062,0.7626,HIGH
108.6,95.0,13.94,4.954,1.0,VERY HIGH
2.7,20.6,0.72,0.066,0.0327,LOW
4.4,21.5,1.68,0.106,0.0324,LOW
24.7,60.6,3.02,1.276,0.2597,LOW
33.3,68.7,1.86,0.794,0.2709,LOW
13.5,40.6,0.38,0.199,0.1042,LOW
19.4,51.9,3.63,0.845,0.1946,LOW
13.5,15.7,1.08,0.233,0.0481,LOW
18.0,30.7,2.1,0.296,0.1249,LOW
21.7,50.5,5.59,0.677,0.2955,MEDIUM
30.8,71.8,3.07,0.737,0.3791,MEDIUM
8.5,27.7,1.34,0.16,0.1302,LOW
111.6,94.2,15.36,4.507,1.0,VERY HIGH
62.1,84.6,10.44,2.142,0.6845,HIGH
27.0,49.0,5.44,1.121,0.2963,MEDIUM
4.3,42.9,1.54,0.468,0.1272,LOW
75.8,80.1,5.97,1.231,0.5932,HIGH
27.9,48.3,5.45,0.945,0.2683,LOW
97.4,72.9,7.22,2.219,0.6457,HIGH
113.7,84.3,9.77,1.262,0.7975,VERY HIGH
8.8,23.7,2.33,0.22,0.119,LOW
177.1,92.8,10.1,3.057,1.0,VERY HIGH
104.1,76.4,9.03,1.104,0.6683,HIGH
173.2,90.5,23.73,3.576,1.0,VERY HIGH
77.4,91.0,4.79,2.002,0.651,HIGH
70.2,76.3,5.97,1.098,0.5506,HIGH
5.5,16.7,2.33,0.499,0.0607,LOW
31.2,54.0,2.25,0.399,0.2098,LOW
31.9,64.7,2.97,0.496,0.3259,MEDIUM
8.8,42.5,2.07,0.116,0.1069,LOW
63.1,83.5,11.32,1.614,0.6099,HIGH
113.9,91.7,8.27,1.839,0.8446,VERY HIGH
34.5,41.4,1.82,1.082,0.2468,LOW
84.6,79.3,5.56,1.257,0.6109,HIGH
99.5,92.8,19.97,2.924,1.0,VERY HIGH
46.4,70.6,5.24,1.326,0.4638,MEDIUM
63.4,74.8,7.44,2.35,0.5585,HIGH
2.9,32.3,2.49,0.195,0.1331,LOW
35.0,50.8,5.06,0.761,0.3125,MEDIUM
96.3,72.7,10.28,1.501,0.741,HIGH
148.0,82.2,22.34,4.313,1.0,VERY HIGH
137.0,95.4,11.49,2.635,1.0,VERY HIGH
14.2,24.2,2.42,0.498,0.1285,LOW
48.3,45.1,5.41,0.412,0.2414,LOW
166.8,91.8,13.78,2.814,1.0,VERY HIGH
99.9,71.8,10.99,1.175,0.63,HIGH
121.9,94.1,23.87,2.587,1.0,VERY HIGH
110.7,83.8,7.29,1.723,0.6816,HIGH
121.0,86.8,20.74,2.329,1.0,VERY HIGH
21.6,58.2,4.7,1.052,0.2745,LOW
55.5,77.8,9.55,2.381,0.8647,VERY HIGH
150.6,83.2,19.07,4.585,1.0,VERY HIGH
180.5,82.8,15.23,4.328,1.0,VERY HIGH
101.1,92.8,16.66,2.312,0.9739,VERY HIGH
164.7,89.5,15.35,2.654,1.0,VERY HIGH
42.1,58.8,3.11,0.793,0.27,LOW
4.5,26.3,1.07,0.086,0.0858,LOW
49.8,46.7,3.33,1.102,0.2794,LOW
108.5,74.0,6.39,2.305,0.7431,HIGH
34.4,55.1,2.23,1.296,0.3147,MEDIUM
90.9,90.2,5.81,1.507,0.7544,HIGH
122.0,90.8,21.82,3.689,1.0,VERY HIGH
63.8,80.3,7.68,1.267,0.5352,MEDIUM
173.2,93.6,18.4,3.631,1.0,VERY HIGH
102.9,83.2,10.64,3.414,0.86,VERY HIGH
0.9,22.9,0.89,0.48,0.1035,LOW
87.4,69.9,6.02,2.4,0.5752,HIGH
182.2,96.4,11.78,4.162,1.0,VERY HIGH
61.5,82.5,8.89,1.106,0.6169,HIGH
9.3,30.7,0.07,0.303,0.0448,LOW
13.3,36.9,2.04,0.25,0.1507,LOW
33.3,45.0,2.85,1.021,0.2678,LOW
43.3,49.7,2.36,1.235,0.3303,MEDIUM
7.8,16.7,2.33,0.296,0.0774,LOW
8.8,22.7,1.42,0.463,0.1157,LOW
77.5,85.1,5.31,1.581,0.6191,HIGH
41.4,58.5,3.8,0.81,0.3353,MEDIUM
16.7,40.0,0.04,0.14,0.0706,LOW
2.5,33.3,0.78,0.151,0.1226,LOW
9.1,16.2,1.7,0.368,0.1107,LOW
71.8,80.2,8.2,1.008,0.5512,HIGH
60.7,87.9,11.83,1.809,0.6856,HIGH
156.1,90.5,17.41,4.886,1.0,VERY HIGH
42.6,67.8,2.98,1.095,0.3883,MEDIUM
15.7,26.4,2.36,0.277,0.0486,LOW
132.0,93.0,19.44,2.733,1.0,VERY HIGH
7.0,41.3,1.37,0.484,0.1242,LOW
101.7,74.8,8.33,2.708,0.759,HIGH
44.5,59.2,3.71,0.492,0.3621,MEDIUM
22.9,62.9,2.54,1.243,0.2804,MEDIUM
107.6,81.2,10.87,2.231,0.8371,VERY HIGH
182.0,87.1,14.36,3.785,1.0,VERY HIGH
130.0,82.5,22.13,4.504,1.0,VERY HIGH
144.9,99.4,10.68,3.682,1.0,VERY HIGH
13.9,28.9,0.59,0.422,0.0647,LOW
67.6,77.5,11.27,2.175,0.6702,HIGH
155.2,93.7,12.24,3.771,1.0,VERY HIGH
101.9,69.6,10.44,1.723,0.7282,HIGH
94.1,79.1,5.66,2.329,0.5874,HIGH
33.4,61.3,2.02,0.512,0.2445,LOW
7.4,26.6,2.38,0.256,0.0455,LOW
170.8,92.0,22.81,2.913,1.0,VERY HIGH
53.2,54.5,2.79,0.496,0.2302,LOW
111.0,78.3,5.59,1.801,0.692,HIGH
65.9,86.2,8.94,1.992,0.6395,HIGH
97.7,76.8,7.68,2.398,0.6776,HIGH
55.0,55.8,1.83,0.339,0.213,LOW
185.6,94.4,19.88,3.573,1.0,VERY HIGH
40.8,50.9,5.63,0.701,0.2786,LOW
45.7,59.8,4.56,0.808,0.337,MEDIUM
99.1,90.6,9.62,2.627,0.8448,VERY HIGH
172.5,93.8,21.55,2.758,1.0,VERY HIGH
90.7,72.3,8.83,2.085,0.7176,HIGH
15.8,25.4,0.21,0.34,0.0735,LOW
4.4,17.7,1.8,0.24,0.043,LOW
63.1,70.7,9.38,1.389,0.5335,MEDIUM
128.7,95.5,14.08,4.527,1.0,VERY HIGH
17.7,44.2,1.55,0.247,0.0992,LOW
23.0,55.1,2.8,0.586,0.2132,LOW
169.2,99.2,11.97,2.957,1.0,VERY HIGH
34.4,54.0,4.62,1.299,0.3371,MEDIUM
95.7,98.9,21.42,4.192,1.0,VERY HIGH
160.1,85.7,17.63,2.744,1.0,VERY HIGH
12.1,29.9,2.34,0.254,0.1329,LOW
16.6,23.0,2.21,0.079,0.1323,LOW
7.1,40.9,0.27,0.272,0.0615,LOW
84.8,72.1,5.37,1.206,0.472,MEDIUM
99.8,98.5,21.45,4.042,1.0,VERY HIGH
44.4,53.8,2.52,0.661,0.2478,LOW
40.1,53.9,2.33,1.165,0.3028,MEDIUM
74.6,80.9,7.43,1.63,0.5919,HIGH
155.4,85.0,13.27,3.897,1.0,VERY HIGH
103.1,77.8,5.36,2.179,0.6362,HIGH
122.1,85.6,21.95,2.758,1.0,VERY HIGH
4.3,23.1,1.62,0.287,0.1128,LOW
63.9,89.5,10.76,1.972,0.7312,HIGH
11.2,42.8,1.64,0.498,0.1051,LOW
22.8,46.1,4.03,0.963,0.2358,LOW
13.2,36.3,0.08,0.3,0.0417,LOW
34.2,48.6,3.51,0.585,0.3126,MEDIUM
52.9,60.6,2.52,0.497,0.3219,MEDIUM
131.5,93.2,21.05,3.294,1.0,VERY HIGH
10.9,28.7,2.36,0.4,0.0981,LOW
163.1,82.1,21.16,4.955,1.0,VERY HIGH
9.8,22.2,2.05,0.487,0.0908,LOW
154.0,98.1,14.46,2.607,1.0,VERY HIGH
101.0,74.2,9.92,2.552,0.8697,VERY HIGH
51.8,71.2,4.7,1.168,0.4134,MEDIUM
55.0,68.1,5.62,1.344,0.468,MEDIUM
90.2,68.4,9.9,1.565,0.5733,HIGH
92.9,86.7,9.52,1.419,0.8124,VERY HIGH
39.5,52.2,5.4,1.391,0.3564,MEDIUM
179.0,89.8,14.04,4.478,1.0,VERY HIGH
17.8,39.9,0.22,0.331,0.0797,LOW
103.8,70.6,5.79,1.888,0.6485,HIGH
136.4,87.1,20.19,2.689,1.0,VERY HIGH
142.5,93.8,23.65,2.783,1.0,VERY HIGH
10.7,44.3,2.05,0.081,0.1323,LOW
117.7,97.5,20.49,2.836,1.0,VERY HIGH
89.4,80.5,4.84,1.673,0.6367,HIGH
15.3,43.1,0.26,0.18,0.1132,LOW
17.5,40.7,0.64,0.207,0.1253,LOW
9.6,34.9,1.06,0.348,0.1044,LOW
143.2,82.5,20.96,2.445,1.0,VERY HIGH
7.2,19.7,1.39,0.441,0.1331,LOW
177.4,90.3,9.18,3.161,1.0,VERY HIGH
7.5,34.2,0.68,0.041,0.0721,LOW
100.3,69.7,5.73,1.846,0.5832,HIGH
21.8,50.9,5.43,0.778,0.2139,LOW
1.2,21.2,2.22,0.481,0.08,LOW
79.8,82.7,8.43,1.467,0.6176,HIGH
12.9,41.7,1.77,0.21,0.0922,LOW
12.3,22.4,2.33,0.101,0.0853,LOW
79.3,84.5,8.0,2.584,0.6809,HIGH
48.5,52.8,2.15,0.828,0.2766,LOW
64.7,80.5,9.48,1.636,0.6178,HIGH
91.6,96.3,23.81,2.603,0.9623,VERY HIGH
36.7,70.5,4.37,0.942,0.3181,MEDIUM
64.4,85.7,9.34,2.467,0.6252,HIGH
39.2,56.3,3.97,1.094,0.3351,MEDIUM
84.0,80.5,9.21,1.632,0.6691,HIGH
60.7,85.3,10.3,1.902,0.5969,HIGH
84.8,79.9,10.11,1.9,0.6745,HIGH
7.4,33.4,1.89,0.452,0.127,LOW
126.0,93.2,15.31,4.71,1.0,VERY HIGH
88.6,81.0,5.07,1.635,0.5121,MEDIUM
134.3,87.6,21.53,3.075,1.0,VERY HIGH
15.1,23.6,1.14,0.209,0.0208,LOW
14.1,20.3,0.38,0.402,0.06,LOW
86.7,70.2,6.52,1.467,0.5706,HIGH
96.2,97.3,19.75,2.991,1.0,VERY HIGH
108.1,87.7,10.71,3.357,0.9445,VERY HIGH
102.3,74.3,10.4,1.502,0.6644,HIGH
128.9,92.8,21.33,4.162,1.0,VERY HIGH
6.9,22.1,0.01,0.41,0.0978,LOW
107.7,85.1,6.89,1.875,0.7912,VERY HIGH
2.4,40.5,1.97,0.111,0.1346,LOW
117.6,88.3,14.45,3.602,1.0,VERY HIGH
134.7,96.9,9.66,4.133,1.0,VERY HIGH
10.8,32.5,1.49,0.196,0.0886,LOW
51.9,41.7,3.36,1.006,0.3006,MEDIUM
118.7,87.1,23.17,3.367,1.0,VERY HIGH
10.0,24.6,1.32,0.062,0.0401,LOW
21.8,61.1,5.28,0.655,0.3053,MEDIUM
120.9,84.8,17.78,4.442,1.0,VERY HIGH
148.1,96.2,16.89,4.861,1.0,VERY HIGH
37.0,52.2,5.71,0.448,0.2803,MEDIUM
6.6,45.0,0.16,0.05,0.1054,LOW
46.4,58.9,4.42,0.387,0.3148,MEDIUM
16.5,17.3,0.11,0.321,0.0225,LOW
119.0,94.4,12.62,4.1,1.0,VERY HIGH
116.1,91.5,20.58,3.556,1.0,VERY HIGH
21.3,57.9,2.19,1.081,0.2701,LOW
111.1,73.3,9.24,1.514,0.7351,HIGH
108.6,80.6,4.85,2.369,0.6581,HIGH
92.5,90.1,5.26,1.85,0.7923,VERY HIGH
101.7,81.2,5.6,1.713,0.6682,HIGH
8.4,16.6,0.33,0.045,0.0,LOW
11.6,30.2,0.91,0.266,0.1393,LOW
14.0,34.3,0.68,0.265,0.1011,LOW
50.6,58.3,2.88,0.536,0.2245,LOW
92.9,85.5,19.37,3.063,1.0,VERY HIGH
46.1,43.6,4.42,1.276,0.3551,MEDIUM
94.2,82.0,9.91,1.274,0.702,HIGH
17.4,29.6,0.02,0.267,0.0318,LOW
79.3,75.4,5.76,1.98,0.6214,HIGH
30.8,62.1,2.83,0.304,0.266,LOW
111.5,92.0,8.4,1.486,0.7721,HIGH
10.0,24.9,0.25,0.36,0.0768,LOW
6.1,37.3,0.4,0.35,0.0312,LOW
10.7,20.9,0.41,0.118,0.0965,LOW
124.2,96.6,11.58,4.858,1.0,VERY HIGH
73.5,88.3,5.41,1.702,0.5833,HIGH
169.4,83.9,19.77,4.997,1.0,VERY HIGH
88.9,74.9,8.12,2.746,0.7112,HIGH
49.9,57.0,2.88,0.386,0.3266,MEDIUM
166.4,91.2,21.77,2.641,1.0,VERY HIGH
107.7,93.6,9.56,4.489,0.9989,VERY HIGH
26.8,55.7,2.66,0.878,0.2584,LOW
21.0,44.9,5.65,1.047,0.2503,LOW
5.7,17.4,1.87,0.06,0.1071,LOW
37.0,51.6,1.9,1.357,0.2813,MEDIUM
144.3,83.1,14.36,2.345,0.9575,VERY HIGH
14.3,16.0,1.75,0.227,0.086,LOW
67.0,89.1,6.82,2.005,0.6125,HIGH
28.0,58.6,3.6,1.033,0.2713,LOW
8.7,28.0,0.25,0.071,0.0577,LOW
13.9,29.2,0.4,0.161,0.0699,LOW
7.8,23.5,2.07,0.049,0.1012,LOW
0.1,39.4,1.89,0.224,0.0872,LOW
54.2,49.7,3.49,0.915,0.3501,MEDIUM
144.4,94.6,10.6,4.724,1.0,VERY HIGH
50.9,50.5,5.58,1.354,0.4362,MEDIUM
8.7,29.3,0.15,0.162,0.0719,LOW
154.5,83.4,20.24,3.146,1.0,VERY HIGH
9.4,34.6,1.79,0.225,0.1772,LOW
41.3,49.2,1.82,1.211,0.2533,LOW
47.6,67.4,4.21,0.455,0.373,MEDIUM
102.2,81.5,11.42,1.886,0.7997,VERY HIGH
25.1,54.4,4.85,1.201,0.2846,MEDIUM
144.8,89.9,18.34,3.059,1.0,VERY HIGH
29.1,59.1,2.3,1.163,0.2891,MEDIUM
20.3,50.7,2.93,1.045,0.2352,LOW
91.9,86.8,14.56,3.289,0.955,VERY HIGH
42.5,67.6,2.32,1.328,0.3353,MEDIUM
24.5,68.4,4.11,0.709,0.2451,LOW
60.3,75.0,11.58,2.635,0.8649,VERY HIGH
8.6,41.0,1.15,0.248,0.161,LOW
105.7,91.0,7.67,1.784,0.8344,VERY HIGH
13.7,22.2,0.89,0.084,0.0,LOW
75.5,91.4,6.53,1.484,0.5994,HIGH
34.4,56.7,3.96,0.308,0.3002,MEDIUM
94.1,82.7,10.95,3.55,0.7857,VERY HIGH
13.9,20.6,2.26,0.15,0.0247,LOW
52.4,61.0,4.75,0.855,0.3581,MEDIUM
52.5,46.3,5.61,1.336,0.4464,MEDIUM
114.3,75.3,6.94,1.212,0.7241,HIGH
8.8,15.8,2.31,0.296,0.0513,LOW
106.0,94.1,23.36,2.472,1.0,VERY HIGH
11.7,21.8,0.61,0.366,0.1025,LOW
3.5,44.2,1.36,0.482,0.1772,LOW
142.5,90.5,13.63,3.128,1.0,VERY HIGH
13.3,40.1,0.95,0.392,0.159,LOW
52.2,67.0,3.15,1.258,0.3204,MEDIUM
108.0,77.3,4.67,2.308,0.6726,HIGH
170.7,82.2,24.49,2.934,1.0,VERY HIGH
107.1,71.4,6.37,1.537,0.6259,HIGH
51.9,51.5,1.9,1.001,0.3427,MEDIUM
3.2,43.4,0.43,0.227,0.1059,LOW
12.9,44.6,1.69,0.029,0.0878,LOW
84.2,91.2,7.79,2.292,0.7328,HIGH
103.7,96.2,20.24,2.707,1.0,VERY HIGH
87.7,78.3,4.53,1.368,0.4938,MEDIUM
0.2,23.4,1.38,0.09,0.087,LOW
9.6,44.2,2.2,0.269,0.2041,LOW
108.1,91.6,22.44,3.367,1.0,VERY HIGH
85.0,90.3,6.06,1.719,0.6702,HIGH
11.7,21.0,0.77,0.199,0.0948,LOW
14.8,28.4,1.52,0.12,0.1143,LOW
43.4,53.4,5.38,1.23,0.3376,MEDIUM
93.3,85.2,7.37,1.791,0.7766,HIGH
4.1,41.3,0.58,0.039,0.0,LOW
30.3,57.2,2.6,0.428,0.2007,LOW
113.3,76.7,11.86,2.627,0.8641,VERY HIGH
34.1,62.1,4.38,1.36,0.3639,MEDIUM
105.1,93.4,13.56,2.216,0.9027,VERY HIGH
103.1,82.5,12.34,3.184,0.9031,VERY HIGH
4.6,18.9,1.33,0.337,0.0666,LOW
109.2,82.6,5.02,1.632,0.6115,HIGH
1.4,31.9,1.05,0.215,0.0574,LOW
38.8,51.0,2.37,0.664,0.2461,LOW
40.5,47.8,2.4,1.21,0.2569,LOW
19.8,62.7,2.42,0.586,0.2433,LOW
85.9,86.7,10.75,2.45,0.811,VERY HIGH
37.2,47.7,5.56,0.623,0.3132,MEDIUM
11.8,35.6,1.48,0.402,0.1054,LOW
78.7,73.2,9.73,1.747,0.6708,HIGH
162.1,94.6,13.68,2.441,1.0,VERY HIGH
64.8,71.4,9.16,1.185,0.5363,MEDIUM
38.8,71.3,5.12,0.453,0.3701,MEDIUM
15.5,33.0,1.16,0.499,0.1562,LOW
12.8,22.1,1.53,0.139,0.138,LOW
92.4,82.0,7.69,1.169,0.664,HIGH
184.5,84.0,17.14,3.288,1.0,VERY HIGH
79.8,90.7,11.36,2.489,0.8198,VERY HIGH
19.8,54.9,4.28,0.422,0.2377,LOW
14.7,40.3,2.05,0.319,0.1551,LOW
38.3,59.3,2.64,0.34,0.1696,LOW
12.3,20.2,1.49,0.414,0.1128,LOW
24.4,45.3,3.5,0.851,0.1825,LOW
15.2,29.8,1.77,0.03,0.0882,LOW
148.1,94.8,15.29,4.241,1.0,VERY HIGH
6.0,38.3,0.47,0.45,0.0668,LOW
39.5,45.0,2.32,0.906,0.3171,MEDIUM
143.3,90.3,18.13,2.342,1.0,VERY HIGH
60.7,82.6,9.42,1.03,0.6142,HIGH
90.9,85.9,14.06,3.237,0.8654,VERY HIGH
32.8,66.2,3.51,0.558,0.2289,LOW
67.1,69.5,7.92,2.003,0.5867,HIGH
84.5,74.8,5.43,1.676,0.563,HIGH
13.7,19.2,0.36,0.377,0.035,LOW
30.1,45.2,3.13,0.957,0.2369,LOW
63.4,72.7,7.63,1.416,0.4943,MEDIUM
186.5,95.4,12.89,2.631,1.0,VERY HIGH
18.9,58.3,2.12,0.328,0.1628,LOW
71.4,92.0,8.49,1.236,0.6283,HIGH
47.0,54.2,3.76,1.179,0.3485,MEDIUM
15.8,22.9,1.65,0.179,0.0903,LOW
95.9,97.7,21.38,3.102,1.0,VERY HIGH
53.6,70.6,3.81,0.427,0.3695,MEDIUM
18.6,71.0,2.03,1.202,0.3418,MEDIUM
69.7,90.5,8.49,1.04,0.5533,HIGH
107.9,83.7,9.53,2.507,0.8141,VERY HIGH
55.1,83.3,8.15,2.105,0.5609,HIGH
110.3,79.1,10.23,2.526,0.8824,VERY HIGH
59.9,79.5,11.26,2.051,0.6869,HIGH
34.9,41.4,4.97,1.274,0.3567,MEDIUM
36.7,49.3,2.94,0.555,0.2994,MEDIUM
83.4,76.4,11.44,2.586,0.8719,VERY HIGH
89.7,71.4,10.16,2.585,0.892,VERY HIGH
114.9,70.7,5.65,2.285,0.737,HIGH
112.4,70.4,5.45,1.436,0.5943,HIGH
194.3,86.8,12.04,2.803,1.0,VERY HIGH
50.1,65.3,4.87,0.924,0.4149,MEDIUM
41.9,67.1,2.0,0.597,0.2471,LOW
108.5,79.5,8.89,1.543,0.7327,HIGH
124.3,86.5,12.15,4.702,1.0,VERY HIGH
166.5,85.2,24.2,4.91,1.0,VERY HIGH
177.5,90.7,12.76,2.697,1.0,VERY HIGH
48.0,48.4,5.32,0.846,0.3581,MEDIUM
14.4,42.9,0.83,0.231,0.1394,LOW
2.9,39.2,0.81,0.273,0.1,LOW
51.9,40.1,3.83,0.374,0.2191,LOW
0.0,19.6,0.98,0.288,0.0732,LOW
22.3,66.2,3.49,0.514,0.268,LOW
55.0,87.7,9.42,1.283,0.5512,HIGH
3.0,16.1,1.4,0.179,0.0447,LOW
1.7,32.9,1.75,0.349,0.1013,LOW
54.8,54.5,5.39,0.475,0.3577,MEDIUM
41.5,63.9,3.56,1.126,0.3274,MEDIUM
12.5,36.2,1.87,0.402,0.1387,LOW
60.6,90.4,5.68,1.973,0.5589,HIGH
93.0,72.5,4.9,2.695,0.6853,HIGH
2.1,18.0,2.44,0.252,0.0378,LOW
41.6,45.0,2.02,0.585,0.2575,LOW
58.1,73.4,10.82,1.824,0.6659,HIGH
28.2,42.8,5.31,1.015,0.3351,MEDIUM
123.4,99.6,13.94,4.009,1.0,VERY HIGH
26.0,60.3,4.98,1.181,0.3068,MEDIUM
0.2,28.6,1.68,0.303,0.0999,LOW
114.9,76.3,7.0,2.715,0.6968,HIGH
47.0,41.1,2.07,0.356,0.1892,LOW
11.4,44.0,1.41,0.431,0.1886,LOW
46.0,50.6,4.62,0.388,0.2982,MEDIUM
58.8,75.2,7.89,1.179,0.5261,MEDIUM
93.6,91.3,8.51,1.214,0.7787,HIGH
45.8,71.2,3.65,0.505,0.3856,MEDIUM
51.7,44.0,4.17,0.936,0.333,MEDIUM
1.9,42.1,1.67,0.174,0.1396,LOW
106.6,72.4,6.99,1.084,0.6617,HIGH
25.3,62.4,3.71,1.178,0.2377,LOW
91.3,83.5,11.24,2.538,0.7433,HIGH
4.8,22.9,1.45,0.496,0.1067,LOW
4.4,42.3,2.46,0.071,0.1447,LOW
1.7,16.2,1.27,0.42,0.0351,LOW
15.2,16.2,1.23,0.133,0.0392,LOW
67.4,69.2,4.87,1.321,0.567,HIGH
94.4,85.2,11.56,2.094,0.7414,HIGH
32.2,56.2,3.76,0.302,0.2648,LOW
106.3,94.7,10.5,3.393,0.9596,VERY HIGH
44.6,64.3,3.02,1.063,0.3296,MEDIUM
37.9,43.2,4.63,0.746,0.2706,LOW
0.4,44.1,0.31,0.243,0.051,LOW
44.9,63.1,3.61,1.25,0.3915,MEDIUM
3.8,26.5,2.35,0.301,0.1083,LOW
103.9,89.1,5.17,1.741,0.8128,VERY HIGH
165.1,94.9,13.41,2.376,1.0,VERY HIGH
185.3,92.3,13.87,3.577,1.0,VERY HIGH
10.6,44.6,0.62,0.439,0.1003,LOW
52.0,49.1,3.31,0.344,0.2896,MEDIUM
33.3,54.0,4.1,0.37,0.3389,MEDIUM
33.8,56.1,3.91,0.39,0.2648,LOW
39.1,64.1,2.31,1.22,0.3529,MEDIUM
137.7,87.9,9.24,3.707,0.9745,VERY HIGH
99.7,92.2,9.3,4.15,0.878,VERY HIGH
149.7,97.5,14.7,4.068,1.0,VERY HIGH
7.3,29.5,0.67,0.337,0.0663,LOW
2.2,43.8,1.54,0.142,0.1322,LOW
33.8,50.2,4.92,0.6,0.2867,MEDIUM
12.1,21.9,2.14,0.109,0.0599,LOW
6.6,29.3,2.01,0.329,0.0693,LOW
13.7,28.4,2.28,0.456,0.1437,LOW
10.7,36.2,1.11,0.177,0.0476,LOW
67.3,81.2,6.58,2.19,0.6769,HIGH
6.7,44.8,0.24,0.416,0.0739,LOW
167.6,97.9,23.93,3.699,1.0,VERY HIGH
119.5,85.8,11.63,4.922,0.9956,VERY HIGH
189.4,97.4,19.78,3.259,1.0,VERY HIGH
3.6,24.9,1.48,0.277,0.0708,LOW
56.2,68.5,6.92,2.384,0.4903,MEDIUM
8.2,18.8,0.47,0.284,0.0076,LOW
191.7,95.7,20.05,2.242,1.0,VERY HIGH
2.5,43.9,0.19,0.465,0.0754,LOW
44.0,43.1,3.37,1.054,0.2972,MEDIUM
58.5,87.6,5.82,1.4,0.5991,HIGH
141.5,93.0,9.08,3.774,1.0,VERY HIGH
2.1,42.2,2.45,0.364,0.1554,LOW
117.4,83.0,24.34,4.664,1.0,VERY HIGH
111.3,98.7,18.63,4.947,1.0,VERY HIGH
126.4,99.7,9.57,3.425,0.9566,VERY HIGH
20.0,71.2,5.19,0.872,0.3291,MEDIUM
24.8,66.8,5.41,1.091,0.3395,MEDIUM
30.9,52.2,3.16,0.321,0.2,LOW
93.2,69.2,7.57,2.567,0.7005,HIGH
111.0,93.1,12.29,3.927,1.0,VERY HIGH
2.2,37.4,0.35,0.142,0.0414,LOW
0.4,42.7,2.01,0.346,0.1645,LOW
17.6,44.9,1.69,0.238,0.1813,LOW
110.2,91.4,23.78,4.114,1.0,VERY HIGH
15.8,20.9,1.61,0.44,0.1315,LOW
87.1,72.1,9.37,2.157,0.6645,HIGH
48.0,53.4,4.11,0.81,0.3491,MEDIUM
65.9,80.0,9.99,2.532,0.7895,VERY HIGH
2.5,34.6,2.03,0.399,0.0744,LOW
111.9,93.6,22.86,4.969,1.0,VERY HIGH
17.5,23.7,0.91,0.435,0.0659,LOW
137.6,93.1,13.95,4.878,1.0,VERY HIGH
98.5,77.3,7.07,1.411,0.6738,HIGH
110.7,79.9,9.74,1.848,0.7441,HIGH
9.5,28.2,1.61,0.093,0.0666,LOW
61.2,75.0,5.52,1.563,0.4644,MEDIUM
11.8,20.8,2.22,0.44,0.0537,LOW
114.0,86.8,6.17,2.268,0.8059,VERY HIGH
10.3,27.1,1.73,0.495,0.1145,LOW
12.3,22.6,2.13,0.489,0.1405,LOW
8.3,43.5,1.89,0.353,0.1242,LOW
34.2,62.9,3.0,0.546,0.2658,LOW
4.3,43.4,1.3,0.293,0.1198,LOW
61.1,90.4,6.39,1.907,0.5525,HIGH
135.2,97.3,23.35,4.725,1.0,VERY HIGH
44.5,63.1,2.69,1.183,0.3869,MEDIUM
17.8,25.1,1.54,0.457,0.2041,LOW
181.5,94.5,10.86,3.011,1.0,VERY HIGH
9.3,38.5,1.75,0.094,0.1424,LOW
11.5,23.5,0.55,0.358,0.0707,LOW
143.1,84.3,12.56,3.661,1.0,VERY HIGH
139.0,95.9,22.67,3.354,1.0,VERY HIGH
33.2,42.7,5.54,0.96,0.3166,MEDIUM
107.0,71.0,6.75,2.253,0.6879,HIGH
110.0,98.4,20.45,4.179,1.0,VERY HIGH
175.9,97.5,11.73,3.592,1.0,VERY HIGH
157.8,89.6,16.97,4.432,1.0,VERY HIGH
20.8,64.8,5.76,0.42,0.3156,MEDIUM
133.1,95.8,19.62,4.12,1.0,VERY HIGH
101.6,90.3,10.78,2.325,0.7767,HIGH
163.1,92.3,16.93,2.758,1.0,VERY HIGH
39.3,48.2,3.55,0.957,0.3139,MEDIUM
194.5,92.9,15.21,3.812,1.0,VERY HIGH
91.5,96.9,17.8,2.488,0.946,VERY HIGH
42.3,58.3,4.56,1.294,0.3797,MEDIUM
26.3,46.3,3.63,0.468,0.2509,LOW
3.2,18.2,1.22,0.455,0.0,LOW
154.0,96.9,22.37,4.978,1.0,VERY HIGH
15.4,44.1,2.25,0.185,0.1406,LOW
54.7,44.2,4.2,1.254,0.2942,MEDIUM
172.5,93.5,20.66,4.211,1.0,VERY HIGH
59.2,74.4,4.54,2.228,0.5174,MEDIUM
11.7,20.0,1.3,0.432,0.1613,LOW
2.4,17.7,0.81,0.392,0.0653,LOW
151.1,90.2,16.91,2.774,1.0,VERY HIGH
6.2,44.8,0.01,0.074,0.0539,LOW
41.8,55.7,2.17,0.307,0.2308,LOW
23.6,71.7,3.38,0.754,0.257,LOW
45.0,63.8,3.41,1.167,0.3598,MEDIUM
16.1,20.1,2.36,0.109,0.091,LOW
10.8,17.3,0.43,0.398,0.089,LOW
111.0,81.6,9.87,2.09,0.7861,VERY HIGH
61.3,79.8,5.45,2.013,0.5619,HIGH
92.5,97.7,22.25,3.738,1.0,VERY HIGH
69.1,71.9,5.26,2.392,0.5801,HIGH
18.1,68.5,3.79,1.111,0.2527,LOW
54.3,47.7,2.59,1.176,0.3194,MEDIUM
77.4,69.5,9.72,1.129,0.5907,HIGH
1.0,33.8,1.43,0.027,0.052,LOW
8.2,40.5,1.8,0.27,0.1041,LOW
6.7,38.9,0.62,0.364,0.0894,LOW
2.8,43.8,0.3,0.476,0.0908,LOW
33.2,40.1,2.28,1.162,0.1621,LOW
76.4,82.7,8.22,1.727,0.6323,HIGH
24.5,47.9,2.86,1.21,0.2455,LOW
59.2,78.2,9.89,1.702,0.6342,HIGH
11.1,25.7,0.97,0.03,0.0945,LOW
59.0,81.5,5.79,2.327,0.5609,HIGH
190.2,85.2,23.7,3.918,1.0,VERY HIGH
84.9,80.2,10.13,1.588,0.7247,HIGH
46.7,67.7,4.1,0.669,0.414,MEDIUM
46.2,53.7,4.95,0.639,0.2832,MEDIUM
16.1,29.4,1.86,0.451,0.1082,LOW
69.5,73.9,4.9,2.209,0.4646,MEDIUM
122.4,97.1,18.42,3.98,1.0,VERY HIGH
131.5,86.0,13.11,3.244,1.0,VERY HIGH
176.2,90.5,10.8,2.503,1.0,VERY HIGH
7.8,25.4,1.12,0.188,0.0493,LOW
39.1,56.8,5.19,1.122,0.3631,MEDIUM
190.1,89.6,19.33,3.261,1.0,VERY HIGH
5.7,44.5,0.41,0.164,0.071,LOW
101.3,95.9,24.4,2.865,1.0,VERY HIGH
27.3,47.2,3.18,1.053,0.2146,LOW
2.4,37.9,0.73,0.272,0.1027,LOW
4.4,16.0,1.24,0.039,0.041,LOW
17.0,22.4,0.07,0.49,0.1226,LOW
44.3,43.1,5.59,0.629,0.3261,MEDIUM
11.4,39.4,2.0,0.406,0.1015,LOW
37.2,48.7,4.75,0.904,0.3186,MEDIUM
76.6,77.7,5.12,2.416,0.6023,HIGH
31.4,56.8,2.47,1.115,0.2653,LOW
32.6,44.3,5.22,1.117,0.2685,LOW
61.5,77.5,8.07,1.585,0.5691,HIGH
12.1,20.3,1.39,0.318,0.0483,LOW
92.5,87.8,20.11,4.464,1.0,VERY HIGH
75.9,86.2,10.28,2.56,0.785,VERY HIGH
47.5,40.6,5.09,0.744,0.3072,MEDIUM
82.6,81.6,5.37,1.748,0.53,MEDIUM
50.5,49.1,3.98,0.431,0.2957,MEDIUM
21.7,51.0,5.67,0.706,0.2844,MEDIUM
10.6,15.5,0.48,0.246,0.0301,LOW
36.8,41.8,5.04,0.561,0.2397,LOW
106.7,82.4,10.92,4.749,0.9134,VERY HIGH
29.7,62.6,3.35,1.25,0.3007,MEDIUM
168.1,92.4,11.03,4.486,1.0,VERY HIGH
152.2,83.5,21.37,3.819,1.0,VERY HIGH
6.5,38.4,0.95,0.333,0.0906,LOW
40.0,60.0,3.86,1.215,0.3891,MEDIUM
52.1,43.7,1.8,0.72,0.2574,LOW
26.9,54.1,5.34,0.424,0.2264,LOW
3.6,38.3,1.35,0.151,0.0727,LOW
42.3,48.7,3.1,1.131,0.2852,MEDIUM
7.5,22.2,2.48,0.271,0.0955,LOW
64.7,79.5,5.61,1.425,0.4288,MEDIUM
5.7,40.9,0.72,0.03,0.0399,LOW
94.6,75.5,8.94,1.853,0.7633,HIGH
147.1,89.8,24.38,3.628,1.0,VERY HIGH
24.2,40.8,4.54,0.787,0.2087,LOW
40.8,51.1,5.32,0.763,0.3341,MEDIUM
15.1,23.0,1.31,0.147,0.1349,LOW
84.6,83.3,6.8,2.519,0.6757,HIGH
18.0,53.9,3.16,0.429,0.2214,LOW
42.2,54.8,4.59,0.573,0.3792,MEDIUM
24.1,60.5,3.99,1.341,0.3216,MEDIUM
114.7,93.5,16.7,4.813,1.0,VERY HIGH
95.9,69.5,11.59,2.194,0.6985,HIGH
1.7,34.5,1.39,0.266,0.032,LOW
105.6,88.1,14.68,2.434,0.966,VERY HIGH
61.1,81.1,10.79,2.201,0.874,VERY HIGH
13.0,24.7,1.09,0.309,0.0651,LOW
103.2,75.7,7.97,1.049,0.6057,HIGH
51.8,54.0,3.98,0.779,0.3023,MEDIUM
47.4,68.5,4.11,1.392,0.4312,MEDIUM
30.0,58.7,5.57,0.432,0.2973,MEDIUM
36.2,50.3,3.75,0.748,0.3226,MEDIUM
25.2,44.3,4.89,0.606,0.2801,MEDIUM
8.5,30.5,0.16,0.246,0.0713,LOW
41.9,47.4,2.7,1.353,0.2854,MEDIUM
10.0,18.7,2.07,0.089,0.105,LOW
8.1,23.2,1.89,0.331,0.1167,LOW
5.6,17.4,1.25,0.139,0.044,LOW
31.9,57.5,2.36,0.372,0.1561,LOW
31.1,42.5,4.49,0.74,0.3054,MEDIUM
5.7,43.3,0.31,0.462,0.0788,LOW
173.4,98.2,10.4,4.149,1.0,VERY HIGH
176.1,87.9,10.35,3.095,1.0,VERY HIGH
70.8,79.9,5.02,1.064,0.4832,MEDIUM
114.1,68.6,10.69,2.23,0.8668,VERY HIGH
7.5,17.8,0.49,0.099,0.0436,LOW
30.3,45.2,3.23,1.338,0.298,MEDIUM
16.3,18.1,1.71,0.136,0.0561,LOW
108.9,78.9,7.22,2.297,0.7316,HIGH
94.4,86.3,8.36,2.052,0.7857,VERY HIGH
40.6,42.9,3.2,1.356,0.2751,LOW
81.8,68.6,7.68,1.37,0.5582,HIGH
87.6,89.2,7.07,1.78,0.6497,HIGH
85.9,73.8,6.78,1.823,0.5536,HIGH
42.3,58.4,2.44,0.729,0.2661,LOW
10.6,29.3,0.9,0.125,0.0818,LOW
14.8,42.6,2.04,0.167,0.1488,LOW
124.1,90.9,17.06,2.493,1.0,VERY HIGH
4.3,19.2,0.62,0.248,0.0057,LOW
14.0,25.8,1.52,0.307,0.0923,LOW
101.0,85.2,17.82,3.79,1.0,VERY HIGH
137.2,91.5,11.58,2.616,0.9251,VERY HIGH
30.3,64.0,2.18,1.121,0.2354,LOW
51.2,50.5,4.68,1.09,0.3781,MEDIUM
48.6,66.3,2.89,1.177,0.3332,MEDIUM
182.0,99.2,11.51,2.971,1.0,VERY HIGH
32.1,60.8,4.39,1.155,0.3525,MEDIUM
87.9,82.4,6.29,1.787,0.5788,HIGH
22.8,53.9,3.29,0.462,0.2594,LOW
110.7,68.8,7.06,1.117,0.6332,HIGH
98.1,75.7,7.61,1.92,0.6542,HIGH
52.3,52.1,2.05,0.479,0.2103,LOW
112.7,80.2,6.21,1.063,0.6129,HIGH
50.0,59.2,4.21,0.782,0.3433,MEDIUM
58.4,89.1,6.76,2.182,0.6226,HIGH
90.9,87.3,8.93,1.922,0.8189,VERY HIGH
37.5,65.9,3.44,1.397,0.3216,MEDIUM
2.8,31.4,1.54,0.489,0.0815,LOW
100.4,80.6,7.76,1.536,0.6654,HIGH
45.7,40.1,2.58,0.902,0.1883,LOW
157.3,82.6,21.75,4.551,1.0,VERY HIGH
16.6,27.5,1.99,0.391,0.1321,LOW
10.4,37.6,0.71,0.059,0.0929,LOW
54.5,54.4,5.34,0.571,0.3156,MEDIUM
36.8,62.6,4.67,0.806,0.3088,MEDIUM
172.1,93.2,17.02,2.279,1.0,VERY HIGH
97.9,88.4,11.42,2.739,0.7907,VERY HIGH
34.2,56.9,2.64,1.057,0.302,MEDIUM
69.1,91.3,9.82,1.534,0.6904,HIGH
49.8,46.5,2.82,0.563,0.3278,MEDIUM
3.6,42.1,1.51,0.121,0.0092,LOW
6.2,41.2,1.1,0.097,0.093,LOW
169.5,83.7,23.44,4.762,1.0,VERY HIGH
8.4,44.3,0.68,0.134,0.0009,LOW
39.5,51.8,4.61,1.095,0.3916,MEDIUM
19.5,41.6,3.27,0.608,0.1529,LOW
33.9,41.9,4.39,0.794,0.2661,LOW
51.8,48.5,5.19,0.958,0.3883,MEDIUM
29.8,46.7,4.86,0.676,0.2196,LOW
2.0,36.7,2.41,0.383,0.1394,LOW
118.5,95.3,12.86,3.832,1.0,VERY HIGH
68.4,73.9,6.26,1.966,0.5469,MEDIUM
33.6,50.2,5.63,0.738,0.3265,MEDIUM
92.8,75.2,11.4,2.425,0.8269,VERY HIGH
51.6,44.1,4.19,0.909,0.2554,LOW
2.1,22.2,1.31,0.426,0.0637,LOW
11.4,41.5,2.19,0.093,0.1354,LOW
29.5,42.6,4.44,0.834,0.2555,LOW
65.6,83.1,10.93,1.359,0.6043,HIGH
14.7,23.3,0.61,0.174,0.0171,LOW
50.4,46.5,2.47,0.84,0.265,LOW
127.0,93.0,23.24,3.762,1.0,VERY HIGH
0.3,35.3,1.55,0.136,0.0859,LOW
48.5,70.8,5.59,0.44,0.3925,MEDIUM
0.6,20.3,0.68,0.213,0.0791,LOW
128.5,85.1,14.1,4.428,1.0,VERY HIGH
37.5,44.9,3.28,0.698,0.2576,LOW
97.8,72.0,7.53,2.683,0.7106,HIGH
134.2,87.8,20.12,4.164,1.0,VERY HIGH
96.6,79.1,10.64,2.76,0.8023,VERY HIGH
0.7,20.3,0.12,0.162,0.0664,LOW
7.5,26.7,0.13,0.121,0.0666,LOW
96.9,72.5,10.94,2.142,0.7359,HIGH
39.5,53.6,4.77,0.742,0.3193,MEDIUM
18.2,60.3,4.44,0.383,0.2421,LOW
4.9,37.6,1.68,0.441,0.1269,LOW
41.3,67.8,4.57,0.943,0.3863,MEDIUM
22.5,56.9,5.49,0.334,0.2474,LOW
16.4,20.8,1.6,0.329,0.0442,LOW
162.9,97.8,9.94,4.71,1.0,VERY HIGH
40.7,61.4,5.16,0.607,0.3278,MEDIUM
31.6,46.5,1.84,1.064,0.2283,LOW
43.2,48.5,5.62,0.968,0.3532,MEDIUM
130.1,88.7,18.45,4.468,1.0,VERY HIGH
80.0,89.1,8.24,1.043,0.6367,HIGH
153.0,82.8,24.0,4.556,1.0,VERY HIGH
15.1,34.5,1.96,0.235,0.1706,LOW
20.0,43.0,3.14,0.399,0.1846,LOW
111.2,73.5,9.21,1.732,0.7353,HIGH
55.0,53.8,4.27,1.048,0.3783,MEDIUM
152.7,98.3,20.63,4.363,1.0,VERY HIGH
81.8,87.3,7.43,1.047,0.6223,HIGH
23.5,43.9,4.71,0.733,0.2904,MEDIUM
31.5,67.2,5.59,0.955,0.3649,MEDIUM
153.8,90.5,22.94,2.999,1.0,VERY HIGH
156.6,87.0,9.15,4.459,1.0,VERY HIGH
13.3,27.4,0.92,0.303,0.1004,LOW
17.6,34.3,0.46,0.199,0.1064,LOW
117.9,87.0,15.97,2.438,1.0,VERY HIGH
107.8,73.5,8.25,1.56,0.699,HIGH
82.0,85.5,11.89,1.769,0.7862,VERY HIGH
90.9,80.7,9.59,1.926,0.7076,HIGH
16.9,29.9,0.84,0.414,0.0927,LOW
187.1,96.0,18.0,3.943,1.0,VERY HIGH
21.0,52.3,5.72,0.732,0.2665,LOW
62.2,79.7,7.81,1.531,0.5296,MEDIUM
40.2,51.5,4.99,0.608,0.3262,MEDIUM
76.7,73.3,11.77,2.022,0.7068,HIGH
11.9,39.5,1.46,0.088,0.0279,LOW
26.4,69.5,2.86,1.205,0.3504,MEDIUM
162.2,83.2,20.15,3.761,1.0,VERY HIGH
3.4,38.1,0.7,0.059,0.1206,LOW
65.4,72.1,5.28,1.757,0.4414,MEDIUM
56.1,85.0,7.07,1.481,0.5543,HIGH
148.6,97.7,18.81,3.096,1.0,VERY HIGH
20.5,71.3,4.58,0.333,0.3072,MEDIUM
99.7,71.1,10.22,1.572,0.6846,HIGH
155.9,96.4,9.54,4.185,1.0,VERY HIGH
169.1,83.6,20.75,2.237,1.0,VERY HIGH
75.2,78.4,8.32,1.209,0.5831,HIGH
78.2,91.9,5.93,1.061,0.6057,HIGH
88.0,86.5,9.52,1.323,0.7093,HIGH
16.0,18.3,0.24,0.1,0.064,LOW
15.1,34.8,2.47,0.209,0.1633,LOW
36.1,56.8,5.09,0.685,0.3393,MEDIUM
12.5,44.4,1.35,0.483,0.209,LOW
85.5,86.6,6.07,1.169,0.5331,MEDIUM
79.4,89.5,11.61,1.242,0.7223,HIGH
26.0,45.7,2.06,0.956,0.2605,LOW
20.6,57.7,5.43,0.761,0.3223,MEDIUM
34.5,45.7,5.12,0.465,0.256,LOW
14.4,40.8,2.48,0.151,0.1933,LOW
80.0,72.0,8.46,1.925,0.6141,HIGH
99.2,78.3,5.4,1.966,0.7104,HIGH
156.3,90.4,12.82,4.282,1.0,VERY HIGH
40.4,64.9,2.99,0.634,0.3034,MEDIUM
67.6,82.5,5.68,2.307,0.5793,HIGH
69.1,86.7,7.14,2.295,0.6757,HIGH
177.7,84.7,14.75,3.575,1.0,VERY HIGH
159.2,89.3,16.54,3.061,1.0,VERY HIGH
15.5,42.0,0.17,0.414,0.1446,LOW
91.5,88.7,11.15,1.209,0.8212,VERY HIGH
29.6,40.4,3.19,1.127,0.2014,LOW
3.3,26.7,2.43,0.11,0.0998,LOW
25.0,51.7,2.0,0.923,0.2105,LOW
129.6,95.8,21.39,4.423,1.0,VERY HIGH
14.1,43.3,1.01,0.399,0.1155,LOW
25.4,68.1,2.99,1.159,0.2746,LOW
194.2,85.5,19.35,4.2,1.0,VERY HIGH
13.1,41.9,1.87,0.46,0.1744,LOW
150.8,95.9,15.58,3.868,1.0,VERY HIGH
57.6,80.6,10.31,2.604,0.8404,VERY HIGH
0.7,26.2,2.09,0.308,0.0927,LOW
62.6,72.2,4.53,1.543,0.4834,MEDIUM
128.5,86.4,18.6,3.319,1.0,VERY HIGH
8.2,38.4,0.08,0.061,0.0981,LOW
55.8,79.3,9.11,1.951,0.6061,HIGH
65.7,70.0,11.71,2.629,0.823,VERY HIGH
83.6,85.7,5.14,2.18,0.6469,HIGH
31.8,46.2,5.42,0.528,0.331,MEDIUM
66.5,73.1,4.75,1.925,0.4779,MEDIUM
5.3,36.4,0.69,0.042,0.0475,LOW
103.8,72.4,11.73,2.018,0.7819,VERY HIGH
27.0,63.9,2.48,1.293,0.3279,MEDIUM
88.7,71.3,7.25,1.434,0.5969,HIGH
23.1,51.1,5.4,0.752,0.3063,MEDIUM
194.3,92.1,14.0,2.645,1.0,VERY HIGH
59.6,82.1,7.35,1.244,0.5563,HIGH
99.7,87.4,7.19,2.545,0.7962,VERY HIGH
118.7,98.4,21.39,4.873,1.0,VERY HIGH
80.2,83.2,7.03,1.324,0.635,HIGH
104.7,75.4,8.55,2.176,0.7102,HIGH
4.3,37.5,0.1,0.234,0.1119,LOW
132.0,83.0,15.65,3.588,1.0,VERY HIGH
44.9,50.4,2.14,1.21,0.2209,LOW
152.3,84.6,10.56,2.595,0.9166,VERY HIGH
39.4,49.1,2.8,0.669,0.2575,LOW
30.8,58.2,2.59,0.586,0.2523,LOW
51.7,53.2,4.95,0.419,0.3648,MEDIUM
10.8,39.8,1.05,0.403,0.1458,LOW
8.9,37.7,0.94,0.381,0.1663,LOW
15.0,31.9,0.03,0.167,0.0835,LOW
112.2,70.2,5.27,1.534,0.6461,HIGH
103.4,72.6,10.33,2.263,0.7731,HIGH
38.6,50.6,2.13,0.903,0.2861,MEDIUM
113.4,85.1,21.63,2.727,1.0,VERY HIGH
9.6,44.2,2.28,0.481,0.1532,LOW
7.6,43.5,2.07,0.081,0.1301,LOW
26.8,43.8,4.51,0.684,0.2383,LOW
124.2,88.0,11.04,2.988,0.8795,VERY HIGH
188.3,96.7,18.69,2.555,1.0,VERY HIGH
108.1,71.8,11.26,1.583,0.7376,HIGH
41.2,53.7,3.73,0.527,0.187,LOW
14.8,30.5,1.93,0.355,0.1278,LOW
75.9,86.5,9.4,1.707,0.6196,HIGH
75.4,72.3,4.68,2.603,0.606,HIGH
73.6,72.8,4.66,1.084,0.4774,MEDIUM
19.4,69.4,4.96,1.099,0.3399,MEDIUM
97.1,79.4,9.51,2.447,0.8401,VERY HIGH
47.7,44.1,3.21,0.529,0.2827,MEDIUM
58.5,87.2,7.37,1.472,0.5337,MEDIUM
13.1,16.4,1.82,0.337,0.1166,LOW
117.8,87.5,13.03,4.429,1.0,VERY HIGH
158.3,82.6,9.55,2.784,0.977,VERY HIGH
175.8,97.6,10.39,2.747,1.0,VERY HIGH
38.5,56.2,5.54,0.326,0.307,MEDIUM
2.5,18.3,2.19,0.318,0.121,LOW
16.8,38.5,0.62,0.466,0.1426,LOW
54.1,62.5,3.08,0.342,0.3286,MEDIUM
14.1,21.7,2.38,0.214,0.1332,LOW
10.4,32.0,1.84,0.035,0.0995,LOW
194.0,91.6,20.18,3.051,1.0,VERY HIGH
7.4,21.7,1.16,0.098,0.075,LOW
47.0,52.6,5.74,0.638,0.3969,MEDIUM
55.9,91.4,6.94,1.189,0.5891,HIGH
58.1,80.5,5.06,2.739,0.5805,HIGH
55.3,79.1,4.56,1.23,0.395,MEDIUM
75.8,75.9,6.29,1.013,0.4849,MEDIUM
70.2,71.9,10.91,1.694,0.6226,HIGH
10.9,33.4,1.9,0.403,0.0904,LOW
148.9,95.7,22.66,3.656,1.0,VERY HIGH
39.6,46.1,4.26,0.402,0.2304,LOW
108.7,75.4,8.35,2.052,0.7267,HIGH
46.2,54.9,2.28,0.465,0.2854,MEDIUM
113.3,90.8,14.15,3.717,1.0,VERY HIGH
190.2,100.0,18.6,4.122,1.0,VERY HIGH
99.0,87.1,8.61,1.485,0.7979,VERY HIGH
38.4,41.2,4.61,0.359,0.193,LOW
164.1,85.4,12.37,2.553,1.0,VERY HIGH
65.8,71.3,5.15,1.968,0.5012,MEDIUM
185.4,88.4,20.98,2.909,1.0,VERY HIGH
114.1,91.2,7.24,1.694,0.7806,VERY HIGH
107.9,94.1,16.88,3.682,1.0,VERY HIGH
46.0,48.0,5.59,1.379,0.3742,MEDIUM
146.8,83.5,11.49,4.858,1.0,VERY HIGH
21.9,46.5,5.51,0.471,0.269,LOW
12.4,29.6,1.41,0.438,0.0772,LOW
14.3,19.1,1.79,0.299,0.0634,LOW
4.6,37.8,2.18,0.218,0.1097,LOW
40.0,62.2,2.74,1.316,0.3983,MEDIUM
134.1,95.4,18.54,2.341,1.0,VERY HIGH
31.5,50.0,4.88,0.879,0.2455,LOW
122.8,98.7,13.12,3.518,1.0,VERY HIGH
51.6,63.1,2.43,0.849,0.3321,MEDIUM
3.4,40.7,0.69,0.11,0.1685,LOW
128.9,84.3,10.56,3.591,0.9005,VERY HIGH
45.4,65.6,2.58,0.52,0.2622,LOW
102.0,93.7,18.09,2.762,1.0,VERY HIGH
144.9,87.2,10.78,4.017,1.0,VERY HIGH
15.8,25.5,1.19,0.165,0.1084,LOW
102.1,90.8,4.85,1.844,0.7755,HIGH
0.7,27.3,0.17,0.271,0.0373,LOW
23.5,54.7,4.77,1.21,0.2766,LOW
12.8,30.6,0.88,0.115,0.1236,LOW
6.2,35.7,0.46,0.143,0.0,LOW
46.1,69.0,3.5,0.332,0.3249,MEDIUM
148.0,87.6,13.85,4.872,1.0,VERY HIGH
106.4,73.7,11.24,2.171,0.8513,VERY HIGH
21.2,70.4,5.62,1.144,0.3777,MEDIUM
0.9,20.5,2.06,0.227,0.0946,LOW
93.4,90.4,9.41,1.28,0.8105,VERY HIGH
150.5,90.1,21.24,4.557,1.0,VERY HIGH
90.8,90.5,9.09,4.889,0.854,VERY HIGH
31.1,40.2,5.11,0.894,0.2303,LOW
25.0,57.9,4.48,0.645,0.276,LOW
20.3,41.8,4.35,1.103,0.2834,MEDIUM
43.1,63.2,2.64,0.307,0.2689,LOW
15.4,34.8,1.48,0.105,0.1029,LOW
105.6,86.9,10.18,2.594,0.8035,VERY HIGH
50.5,54.4,3.27,0.677,0.2623,LOW
10.3,23.2,1.17,0.459,0.0842,LOW
48.0,52.6,2.76,0.747,0.3234,MEDIUM
36.6,40.9,4.25,0.556,0.2782,LOW
17.7,17.3,1.36,0.274,0.1167,LOW
71.7,72.2,7.33,1.346,0.603,HIGH
31.7,56.3,4.92,0.452,0.2721,LOW
140.2,95.0,18.49,4.487,1.0,VERY HIGH
109.8,89.5,20.16,4.595,1.0,VERY HIGH
52.4,47.0,4.91,1.241,0.3673,MEDIUM
126.7,92.4,10.83,4.05,1.0,VERY HIGH
192.3,92.2,15.49,2.783,1.0,VERY HIGH
10.2,35.4,2.33,0.404,0.1108,LOW
68.0,70.9,10.47,2.374,0.7807,VERY HIGH
51.3,55.1,4.61,0.764,0.309,MEDIUM
57.7,68.1,4.99,1.052,0.4342,MEDIUM
128.8,82.8,23.69,3.392,1.0,VERY HIGH
127.8,90.2,15.63,3.756,1.0,VERY HIGH
50.8,45.0,2.15,1.022,0.2796,LOW
54.9,59.0,2.97,0.337,0.3031,MEDIUM
143.8,99.0,21.53,4.864,1.0,VERY HIGH
68.9,87.5,11.73,2.052,0.7879,VERY HIGH
63.3,86.1,7.73,2.359,0.6503,HIGH
164.9,93.8,9.23,2.322,1.0,VERY HIGH
23.9,69.1,5.76,1.153,0.2874,MEDIUM
108.2,73.5,11.66,1.523,0.719,HIGH
89.8,78.5,8.61,1.204,0.6347,HIGH
43.0,58.5,4.09,1.15,0.357,MEDIUM
78.4,86.3,7.74,1.638,0.6386,HIGH
1.5,41.6,1.33,0.055,0.1429,LOW
178.8,83.8,16.49,2.921,1.0,VERY HIGH
14.1,37.5,0.67,0.102,0.0838,LOW
52.5,67.6,2.03,1.27,0.3785,MEDIUM
10.9,42.4,1.62,0.473,0.0854,LOW
4.6,41.1,0.84,0.471,0.0626,LOW
44.3,47.0,4.74,1.061,0.2591,LOW
9.3,33.1,0.25,0.287,0.0675,LOW
15.4,41.7,2.25,0.158,0.0871,LOW
27.5,53.0,4.29,1.043,0.2448,LOW
47.6,55.3,2.13,0.327,0.231,LOW
49.9,43.7,5.46,1.172,0.3641,MEDIUM
0.0,43.6,0.12,0.25,0.0186,LOW
101.2,86.7,7.91,2.601,0.8089,VERY HIGH
7.1,44.0,1.2,0.251,0.112,LOW
14.0,32.1,0.32,0.229,0.0768,LOW
41.9,62.2,3.37,0.528,0.3119,MEDIUM
6.7,24.6,0.5,0.207,0.0,LOW
16.3,26.9,1.62,0.152,0.1113,LOW
9.9,37.7,2.27,0.08,0.1235,LOW
44.2,65.5,4.75,1.059,0.3813,MEDIUM
181.9,87.5,15.1,2.982,1.0,VERY HIGH
33.4,57.1,1.95,1.151,0.3427,MEDIUM
100.8,97.8,16.48,4.732,1.0,VERY HIGH
96.8,78.2,4.79,2.69,0.6963,HIGH
72.4,91.6,9.74,1.282,0.5833,HIGH
17.9,25.6,0.08,0.368,0.0648,LOW
36.8,42.2,2.71,0.988,0.2899,MEDIUM
64.4,77.8,5.92,2.265,0.5892,HIGH
95.1,95.3,13.95,4.168,1.0,VERY HIGH
24.8,42.0,1.81,0.705,0.2334,LOW
30.6,68.4,3.77,0.925,0.3061,MEDIUM
34.7,58.1,5.09,0.564,0.2582,LOW
90.4,88.9,10.96,2.528,0.8649,VERY HIGH
94.5,77.0,5.64,1.638,0.5662,HIGH
51.1,52.5,2.62,0.969,0.3001,MEDIUM
166.6,82.1,24.13,3.551,1.0,VERY HIGH
51.5,40.7,2.23,0.597,0.2697,LOW
192.6,90.6,11.82,3.448,1.0,VERY HIGH
186.0,85.7,17.83,4.005,1.0,VERY HIGH
97.3,90.8,7.71,2.409,0.7912,VERY HIGH
172.3,84.2,10.71,4.149,1.0,VERY HIGH
15.3,15.1,1.85,0.227,0.028,LOW
8.9,18.5,1.04,0.17,0.0402,LOW
0.1,31.7,0.0,0.114,0.119,LOW
0.4,17.1,0.56,0.435,0.0,LOW
106.6,74.0,6.49,1.631,0.6724,HIGH
0.5,17.2,1.49,0.493,0.0752,LOW
54.4,41.0,5.31,1.173,0.3147,MEDIUM
172.7,94.3,15.79,4.464,1.0,VERY HIGH
189.2,92.1,21.65,2.908,1.0,VERY HIGH
97.7,89.6,7.22,2.138,0.8085,VERY HIGH
3.6,40.0,0.4,0.121,0.0986,LOW
138.4,82.6,19.88,4.399,1.0,VERY HIGH
189.8,99.2,9.03,4.708,1.0,VERY HIGH
23.9,44.2,3.86,0.724,0.2318,LOW
172.8,83.6,13.16,3.332,1.0,VERY HIGH
4.9,15.0,1.91,0.053,0.136,LOW
16.6,17.2,0.25,0.236,0.0947,LOW
18.0,27.4,0.79,0.118,0.0899,LOW
21.0,43.4,5.65,0.731,0.262,LOW
103.1,72.1,8.82,2.655,0.7393,HIGH
10.6,27.0,1.71,0.147,0.0961,LOW
45.9,70.0,3.23,0.733,0.3815,MEDIUM
55.3,90.4,6.55,1.464,0.5303,MEDIUM
126.9,99.6,13.12,3.602,1.0,VERY HIGH
56.7,88.3,6.95,2.375,0.6516,HIGH
18.3,42.1,4.65,0.792,0.2443,LOW
108.5,77.7,6.13,2.126,0.7111,HIGH
104.1,82.2,9.61,4.445,0.8954,VERY HIGH
102.4,90.3,5.98,2.414,0.7651,HIGH
141.4,98.1,22.97,3.395,1.0,VERY HIGH
13.2,25.3,0.27,0.424,0.0905,LOW
35.9,45.1,5.72,1.371,0.3579,MEDIUM
36.7,40.8,4.19,0.714,0.2866,MEDIUM
180.5,91.8,23.46,3.179,1.0,VERY HIGH
189.0,84.5,14.65,3.258,1.0,VERY HIGH
12.4,17.8,1.37,0.21,0.0889,LOW
103.3,83.8,11.87,2.859,0.8447,VERY HIGH
2.5,41.7,1.98,0.143,0.1281,LOW
95.9,80.0,6.34,2.741,0.7334,HIGH
56.2,69.5,11.19,2.718,0.8276,VERY HIGH
6.8,18.0,0.88,0.166,0.0397,LOW
125.3,95.3,23.32,2.321,1.0,VERY HIGH
8.0,26.6,0.39,0.319,0.0857,LOW
17.2,20.3,2.41,0.03,0.0726,LOW
16.1,32.0,2.07,0.046,0.1075,LOW
110.3,73.4,5.47,1.87,0.6266,HIGH
108.9,70.9,5.45,2.609,0.727,HIGH
51.1,67.7,4.72,0.877,0.38,MEDIUM
20.0,55.6,3.47,0.454,0.2462,LOW
84.3,72.5,7.0,2.287,0.5813,HIGH
82.3,83.5,9.95,2.352,0.8279,VERY HIGH
119.6,84.4,17.77,3.214,1.0,VERY HIGH
138.1,92.9,17.94,3.417,1.0,VERY HIGH
73.8,76.9,8.98,2.796,0.6401,HIGH
64.8,81.9,5.0,2.116,0.5177,MEDIUM
90.7,75.0,8.55,1.853,0.6663,HIGH
107.3,94.7,19.55,3.867,1.0,VERY HIGH
74.6,74.0,9.56,1.406,0.619,HIGH
184.7,96.4,9.85,4.539,1.0,VERY HIGH
93.8,85.4,7.88,1.215,0.7663,HIGH
21.6,45.1,3.56,1.262,0.2233,LOW
43.4,51.4,1.98,1.16,0.239,LOW
53.2,54.4,3.73,1.374,0.3564,MEDIUM
91.8,68.6,5.46,1.766,0.5611,HIGH
73.6,89.3,7.4,2.735,0.6626,HIGH
52.8,43.1,3.55,0.902,0.3605,MEDIUM
171.2,92.0,17.99,3.421,1.0,VERY HIGH
35.9,52.9,5.62,0.823,0.2991,MEDIUM
40.7,56.4,2.83,0.692,0.2675,LOW
177.9,96.9,18.54,2.522,1.0,VERY HIGH
81.9,74.3,10.14,2.52,0.739,HIGH
40.3,47.2,4.26,0.438,0.2381,LOW
25.6,57.0,3.84,1.064,0.2661,LOW
24.2,46.1,5.47,1.208,0.2889,MEDIUM
65.5,89.5,6.38,1.44,0.5296,MEDIUM
136.9,92.6,12.53,4.607,1.0,VERY HIGH
72.0,88.9,9.72,2.345,0.8406,VERY HIGH
14.4,29.9,2.12,0.282,0.0659,LOW
92.4,84.3,10.93,1.33,0.8096,VERY HIGH
45.6,53.7,1.91,1.077,0.259,LOW
28.1,66.2,2.48,1.294,0.3516,MEDIUM
21.2,63.7,5.71,0.41,0.2787,LOW
8.8,30.1,2.33,0.392,0.0962,LOW
50.4,41.2,3.09,0.423,0.2569,LOW
31.3,51.5,1.8,0.479,0.2151,LOW
4.5,35.2,0.2,0.418,0.0898,LOW
87.5,73.6,10.6,1.612,0.6326,HIGH
19.5,47.1,1.85,0.583,0.1355,LOW
76.3,84.4,8.33,1.834,0.6559,HIGH
24.7,69.2,3.82,1.128,0.3164,MEDIUM
33.8,51.8,4.98,1.237,0.3552,MEDIUM
26.7,59.6,4.25,1.001,0.2585,LOW
1.7,20.3,1.33,0.477,0.0525,LOW
26.2,51.8,5.53,0.303,0.2627,LOW
29.0,58.1,5.53,1.3,0.3612,MEDIUM
4.2,33.6,1.18,0.359,0.0751,LOW
171.6,82.2,19.14,2.63,1.0,VERY HIGH
104.5,70.8,6.17,1.943,0.6445,HIGH
40.7,61.8,4.9,0.647,0.3324,MEDIUM
20.7,54.5,2.9,1.102,0.2335,LOW
7.3,33.8,1.86,0.445,0.096,LOW
115.7,89.1,11.56,3.913,0.9722,VERY HIGH
27.2,45.6,5.24,0.729,0.286,MEDIUM
121.4,95.1,15.28,3.474,1.0,VERY HIGH
38.1,55.0,2.52,0.356,0.2287,LOW
15.0,28.0,1.44,0.349,0.1114,LOW
33.8,50.7,1.91,0.962,0.2285,LOW
97.8,76.7,5.06,1.261,0.5716,HIGH
131.4,90.3,16.86,2.485,1.0,VERY HIGH
167.5,93.9,15.12,4.002,1.0,VERY HIGH
53.5,71.0,3.5,1.19,0.4387,MEDIUM
49.3,70.4,4.11,1.306,0.4192,MEDIUM
42.1,61.1,4.77,0.562,0.3307,MEDIUM
14.6,32.2,1.94,0.021,0.1244,LOW
130.9,84.1,12.79,3.541,1.0,VERY HIGH
8.8,31.9,0.13,0.202,0.0096,LOW
14.4,37.2,0.76,0.469,0.1266,LOW
9.6,34.9,1.25,0.153,0.0629,LOW
129.6,91.6,16.43,3.635,1.0,VERY HIGH
14.2,21.8,1.02,0.249,0.0638,LOW
179.5,85.5,20.36,2.485,1.0,VERY HIGH
111.6,89.2,17.32,4.624,1.0,VERY HIGH
156.3,89.5,9.91,4.147,1.0,VERY HIGH
99.3,87.4,13.15,4.867,0.9438,VERY HIGH
33.5,60.2,1.82,0.826,0.269,LOW
5.1,27.0,1.69,0.259,0.1228,LOW
124.8,88.3,20.69,2.9,1.0,VERY HIGH
11.4,38.5,1.4,0.334,0.1041,LOW
6.1,30.1,2.3,0.021,0.0415,LOW
104.0,70.0,7.19,1.589,0.6491,HIGH
55.6,81.5,11.36,1.305,0.5592,HIGH
96.2,74.0,7.84,2.062,0.7319,HIGH
61.3,73.9,10.84,1.766,0.6391,HIGH
9.3,29.3,2.32,0.318,0.0971,LOW
155.3,94.7,24.14,4.446,1.0,VERY HIGH
74.6,91.3,5.99,1.565,0.6004,HIGH
6.2,16.0,2.37,0.285,0.0,LOW
29.0,46.4,5.6,1.224,0.2723,LOW
22.7,40.3,5.44,1.059,0.2972,MEDIUM
71.1,84.2,8.49,1.12,0.5955,HIGH
167.2,97.8,9.81,4.569,1.0,VERY HIGH
7.8,38.2,1.54,0.276,0.0589,LOW
40.4,50.3,4.54,1.327,0.3372,MEDIUM
88.6,90.3,9.8,1.033,0.7022,HIGH
79.2,86.6,7.21,2.337,0.6686,HIGH
15.4,27.7,0.99,0.219,0.1256,LOW
122.1,99.6,13.27,3.653,1.0,VERY HIGH
142.1,93.0,16.71,3.019,1.0,VERY HIGH
1.3,32.2,2.38,0.073,0.0581,LOW
59.5,91.0,7.92,1.717,0.5512,HIGH
35.5,56.1,2.22,1.171,0.3048,MEDIUM
106.8,86.6,7.6,1.348,0.8247,VERY HIGH
10.7,25.1,2.46,0.42,0.0772,LOW
113.9,78.9,7.97,1.687,0.737,HIGH
132.4,95.9,9.43,3.647,1.0,VERY HIGH
130.6,88.8,18.01,4.012,1.0,VERY HIGH
148.0,93.0,12.11,3.224,1.0,VERY HIGH
1.1,27.4,0.1,0.132,0.0,LOW
14.9,41.2,1.16,0.25,0.1059,LOW
45.1,70.9,2.34,0.801,0.3146,MEDIUM
54.0,48.0,5.42,1.014,0.4037,MEDIUM
5.7,41.0,1.47,0.113,0.0566,LOW
173.4,94.2,13.88,2.406,1.0,VERY HIGH
98.1,81.9,10.32,2.752,0.8299,VERY HIGH
17.3,30.8,1.59,0.109,0.1313,LOW
55.6,81.7,7.77,2.504,0.5947,HIGH
20.0,54.8,3.97,0.423,0.2474,LOW
55.3,69.2,9.51,1.363,0.5439,MEDIUM
108.3,72.1,7.49,1.721,0.7361,HIGH
8.3,20.1,0.87,0.436,0.0859,LOW
188.6,85.6,14.42,2.617,1.0,VERY HIGH
120.6,85.8,9.26,4.668,0.9467,VERY HIGH
18.7,62.8,3.64,1.12,0.3031,MEDIUM
25.3,68.3,4.74,0.686,0.2325,LOW
22.5,57.1,4.37,0.365,0.2215,LOW
54.3,50.0,2.69,0.541,0.2326,LOW
60.1,87.6,10.67,1.554,0.6823,HIGH
14.1,23.7,2.05,0.074,0.0873,LOW
93.4,79.1,6.34,1.343,0.6142,HIGH
6.1,26.8,0.73,0.075,0.0217,LOW
104.2,81.5,9.53,1.388,0.7,HIGH
81.2,82.1,5.03,1.919,0.6166,HIGH
54.4,47.1,3.39,0.777,0.2712,LOW
15.0,29.9,0.32,0.096,0.0559,LOW
47.8,59.3,4.99,0.97,0.3967,MEDIUM
1.6,27.0,1.66,0.447,0.0272,LOW
26.5,41.2,3.05,0.421,0.2069,LOW
140.6,92.1,15.39,4.943,1.0,VERY HIGH
26.0,71.9,5.69,0.648,0.3008,MEDIUM
49.1,71.7,5.4,0.72,0.3716,MEDIUM
6.2,18.5,1.74,0.495,0.0307,LOW
1.9,39.8,1.26,0.096,0.1233,LOW
34.4,44.9,4.15,1.057,0.2714,LOW
89.8,86.5,5.93,1.482,0.6099,HIGH
158.1,93.0,12.33,4.955,1.0,VERY HIGH
17.2,44.1,0.75,0.265,0.0321,LOW
81.8,76.1,7.41,2.441,0.6173,HIGH
43.7,68.6,4.78,0.575,0.3077,MEDIUM
11.5,21.8,0.56,0.231,0.0498,LOW
141.9,87.4,23.86,3.229,1.0,VERY HIGH
29.2,61.3,3.93,0.38,0.266,LOW
63.4,70.6,8.53,2.585,0.6739,HIGH
188.3,89.0,18.95,3.961,1.0,VERY HIGH
43.2,60.4,5.36,1.147,0.312,MEDIUM
97.2,87.0,21.41,4.162,1.0,VERY HIGH
132.4,91.6,16.61,3.175,1.0,VERY HIGH
158.1,90.5,20.14,3.583,1.0,VERY HIGH
39.1,40.9,4.3,0.732,0.2578,LOW
7.1,33.5,0.86,0.106,0.0574,LOW
10.2,40.5,1.08,0.237,0.1151,LOW
176.5,83.4,14.92,4.211,1.0,VERY HIGH
54.6,58.8,3.89,0.679,0.3657,MEDIUM
109.5,93.5,9.24,4.28,0.9731,VERY HIGH
91.5,89.7,5.73,1.855,0.8283,VERY HIGH
44.8,61.3,4.66,0.77,0.4148,MEDIUM
61.5,73.2,11.67,1.548,0.6662,HIGH
9.8,37.5,1.65,0.263,0.0975,LOW
3.3,28.1,1.58,0.403,0.0997,LOW
69.1,72.1,7.74,2.43,0.6312,HIGH
32.6,45.1,4.52,0.47,0.2784,LOW
10.0,24.3,0.03,0.25,0.0204,LOW
58.9,75.5,10.23,2.279,0.7231,HIGH
35.4,59.3,4.06,0.973,0.2535,LOW
105.0,89.5,9.02,1.844,0.7413,HIGH
0.7,23.9,1.63,0.351,0.0892,LOW
31.0,43.8,5.56,1.375,0.3606,MEDIUM
53.4,46.2,2.32,1.384,0.3264,MEDIUM
154.2,94.0,10.9,3.743,1.0,VERY HIGH
43.2,58.4,4.62,1.178,0.3651,MEDIUM
28.7,45.7,2.38,1.246,0.2784,LOW
42.9,62.6,3.06,0.698,0.3495,MEDIUM
42.8,59.0,4.02,0.625,0.3337,MEDIUM
50.7,47.8,5.41,0.353,0.3247,MEDIUM
48.6,65.6,2.05,0.872,0.3366,MEDIUM
49.1,62.9,2.88,1.358,0.3885,MEDIUM
9.1,21.0,1.47,0.167,0.0578,LOW
44.4,57.7,2.55,0.586,0.2515,LOW
107.7,93.3,22.91,3.69,1.0,VERY HIGH
60.4,87.3,9.82,2.607,0.8493,VERY HIGH
13.2,15.7,1.48,0.299,0.1245,LOW
30.7,48.5,4.61,0.884,0.229,LOW
30.0,63.0,4.8,0.63,0.2714,LOW
27.2,52.1,2.76,0.679,0.2898,MEDIUM
0.4,32.1,2.4,0.394,0.0713,LOW
14.4,35.5,0.7,0.054,0.1201,LOW
14.0,28.1,2.03,0.469,0.1213,LOW
106.5,92.8,15.0,3.221,1.0,VERY HIGH
33.2,59.2,5.08,1.22,0.3311,MEDIUM
26.1,50.5,5.45,0.947,0.3019,MEDIUM
30.1,59.4,2.08,0.335,0.2095,LOW
114.3,90.3,10.33,2.256,0.9235,VERY HIGH
75.8,87.6,8.48,1.618,0.6955,HIGH
47.5,52.3,3.25,0.968,0.2953,MEDIUM
76.6,74.4,5.61,2.615,0.6391,HIGH
84.9,70.7,11.27,2.137,0.6968,HIGH
134.9,91.7,24.47,2.974,1.0,VERY HIGH
97.3,78.4,8.56,1.737,0.6401,HIGH
29.0,51.8,2.69,0.781,0.2456,LOW
9.1,30.8,2.35,0.19,0.1789,LOW
46.6,49.9,3.98,0.922,0.3208,MEDIUM
85.1,86.2,11.93,1.69,0.8055,VERY HIGH
10.0,42.9,1.39,0.283,0.1204,LOW
89.4,72.3,4.9,2.37,0.5843,HIGH
22.5,48.4,1.95,0.387,0.1582,LOW
61.4,68.4,11.44,1.007,0.621,HIGH
2.8,18.9,1.96,0.358,0.0843,LOW
72.7,75.3,9.1,1.641,0.5885,HIGH
124.1,88.0,23.92,3.79,1.0,VERY HIGH
1.8,42.8,1.8,0.336,0.1134,LOW
125.0,93.1,10.19,4.963,1.0,VERY HIGH
110.3,73.0,9.13,1.132,0.6313,HIGH
51.4,65.2,3.85,1.057,0.3572,MEDIUM
93.7,84.7,10.77,2.079,0.8819,VERY HIGH
51.9,65.8,4.79,1.37,0.4324,MEDIUM
5.6,44.6,0.23,0.478,0.0917,LOW
58.1,79.9,4.54,1.174,0.4087,MEDIUM
12.2,37.3,0.4,0.327,0.0576,LOW
35.7,47.9,5.04,0.523,0.2515,LOW
11.9,26.3,0.94,0.382,0.0622,LOW
173.6,82.8,18.62,2.265,1.0,VERY HIGH
93.0,91.8,5.22,1.77,0.7558,HIGH
80.1,83.0,9.18,2.006,0.711,HIGH
23.4,62.8,5.04,0.695,0.3174,MEDIUM
41.0,66.7,4.3,0.904,0.3641,MEDIUM
23.4,44.8,5.34,0.854,0.264,LOW
25.7,57.7,4.63,0.952,0.2472,LOW
2.1,19.6,2.29,0.03,0.0752,LOW
23.1,49.1,4.29,0.363,0.2238,LOW
161.1,88.0,9.44,4.48,1.0,VERY HIGH
16.0,37.7,0.06,0.136,0.0467,LOW
63.5,74.2,9.29,1.488,0.6024,HIGH
85.0,73.7,9.31,2.761,0.7301,HIGH
115.4,93.1,21.43,2.372,1.0,VERY HIGH
35.6,65.5,2.54,0.571,0.2351,LOW
96.5,91.0,12.46,4.956,0.9483,VERY HIGH
31.4,52.4,5.61,1.195,0.3501,MEDIUM
13.1,43.9,1.16,0.187,0.1423,LOW
39.4,40.6,4.0,1.154,0.2781,LOW
102.9,82.7,10.87,3.481,0.8994,VERY HIGH
0.8,24.0,0.09,0.168,0.0686,LOW
10.2,19.4,1.77,0.364,0.0728,LOW
20.4,56.6,4.2,0.731,0.232,LOW
169.9,86.1,15.82,3.373,1.0,VERY HIGH
42.3,55.8,2.66,0.538,0.291,MEDIUM
4.9,21.2,1.57,0.271,0.1419,LOW
173.5,85.1,13.15,3.159,1.0,VERY HIGH
12.3,34.3,0.83,0.315,0.1091,LOW
19.8,66.0,1.98,1.058,0.217,LOW
111.3,95.4,12.89,2.208,0.9662,VERY HIGH
7.5,29.1,0.61,0.156,0.07,LOW
13.6,29.9,0.96,0.332,0.1091,LOW
69.2,86.6,8.15,2.218,0.667,HIGH
75.4,71.9,11.28,1.37,0.66,HIGH
6.9,32.8,0.26,0.159,0.0487,LOW
16.4,24.1,1.15,0.181,0.0778,LOW
37.6,56.4,3.4,1.352,0.3424,MEDIUM
78.3,89.0,5.67,1.704,0.5683,HIGH
15.1,16.4,0.49,0.431,0.0608,LOW
129.7,93.1,24.13,3.347,1.0,VERY HIGH
29.7,68.1,2.89,0.987,0.3164,MEDIUM
80.8,71.2,5.3,2.065,0.5734,HIGH
71.8,71.1,8.24,1.107,0.4727,MEDIUM
89.6,80.6,9.26,1.5,0.6386,HIGH
4.6,17.8,1.77,0.431,0.0344,LOW
14.8,34.6,1.71,0.281,0.1561,LOW
6.8,25.1,2.02,0.378,0.124,LOW
9.1,33.6,2.46,0.029,0.0917,LOW
6.0,38.6,1.03,0.085,0.0788,LOW
168.5,87.1,15.75,4.708,1.0,VERY HIGH
18.0,43.2,2.3,0.332,0.1447,LOW
79.0,69.3,10.41,1.82,0.6287,HIGH
104.6,77.0,5.77,1.598,0.7302,HIGH
12.2,44.8,0.08,0.488,0.141,LOW
45.9,59.1,2.77,0.719,0.2998,MEDIUM
14.1,44.5,0.11,0.126,0.1397,LOW
99.5,81.1,9.71,1.777,0.688,HIGH
87.5,86.6,9.58,2.763,0.8485,VERY HIGH
112.6,76.7,11.96,2.045,0.8156,VERY HIGH
106.2,69.7,10.81,2.79,0.8419,VERY HIGH
86.0,75.9,6.86,2.786,0.7086,HIGH
46.7,67.1,5.69,1.359,0.4525,MEDIUM
28.9,46.5,4.13,0.651,0.2532,LOW
91.4,85.9,6.35,2.171,0.8188,VERY HIGH
73.7,72.6,10.87,1.388,0.6039,HIGH
3.3,15.9,0.95,0.197,0.0944,LOW
129.5,86.3,16.92,2.515,1.0,VERY HIGH
42.4,58.4,2.31,0.479,0.2214,LOW
183.9,92.8,10.33,3.806,1.0,VERY HIGH
24.5,70.9,5.25,0.503,0.2696,LOW
0.9,21.7,0.15,0.433,0.0155,LOW
95.0,90.2,24.39,2.352,0.992,VERY HIGH
6.8,34.4,1.44,0.48,0.0491,LOW
77.4,80.4,5.76,1.979,0.5598,HIGH
183.7,85.9,23.75,4.328,1.0,VERY HIGH
35.1,43.5,2.96,1.135,0.2653,LOW
15.3,39.4,0.34,0.305,0.0966,LOW
101.1,79.8,9.05,2.521,0.8388,VERY HIGH
12.9,27.3,0.25,0.22,0.1191,LOW
16.9,37.3,2.21,0.193,0.1748,LOW
51.3,59.8,5.06,1.367,0.413,MEDIUM
161.2,90.7,21.34,2.312,1.0,VERY HIGH
189.7,91.5,11.28,3.453,1.0,VERY HIGH
45.6,50.1,3.77,1.045,0.2425,LOW
131.3,85.9,13.61,3.979,1.0,VERY HIGH
21.9,57.9,5.56,0.545,0.253,LOW
34.7,48.2,4.13,0.84,0.2889,MEDIUM
124.8,82.6,19.67,3.556,1.0,VERY HIGH
33.3,60.6,2.3,0.792,0.2536,LOW
145.5,85.8,15.12,4.382,1.0,VERY HIGH
97.0,87.0,9.55,3.489,0.827,VERY HIGH
97.0,91.8,20.49,4.326,1.0,VERY HIGH
55.0,43.6,4.38,1.331,0.3563,MEDIUM
74.1,83.6,5.82,1.04,0.5663,HIGH
103.6,90.3,7.43,1.372,0.7988,VERY HIGH
82.8,72.7,9.1,1.91,0.6363,HIGH
3.5,17.8,1.97,0.351,0.0389,LOW
74.3,70.6,9.48,1.507,0.6011,HIGH
8.1,17.2,0.42,0.252,0.021,LOW
125.0,94.1,13.5,2.505,1.0,VERY HIGH
48.5,66.8,3.94,0.926,0.3657,MEDIUM
69.4,89.3,8.03,2.44,0.6585,HIGH
14.5,16.4,0.99,0.111,0.0683,LOW
13.9,42.2,1.07,0.286,0.1349,LOW
159.0,94.4,20.64,3.686,1.0,VERY HIGH
93.2,91.4,6.47,2.046,0.7938,VERY HIGH
18.7,55.8,3.11,0.362,0.2016,LOW
179.8,82.9,16.05,4.743,1.0,VERY HIGH
86.7,79.2,6.23,2.782,0.716,HIGH
102.3,80.0,10.93,1.18,0.6945,HIGH
38.6,53.9,5.09,1.306,0.3285,MEDIUM
92.7,74.0,6.02,2.106,0.6119,HIGH
91.5,86.9,9.04,2.836,0.8215,VERY HIGH
101.6,92.5,23.59,2.783,1.0,VERY HIGH
118.1,92.5,18.06,2.682,1.0,VERY HIGH
27.0,56.0,2.42,1.099,0.2821,MEDIUM
38.3,44.4,1.92,1.142,0.2668,LOW
10.6,21.1,1.06,0.119,0.0369,LOW
7.4,21.2,0.24,0.23,0.0795,LOW
13.7,17.8,1.49,0.158,0.0633,LOW
0.2,27.2,0.52,0.186,0.0123,LOW
7.2,42.7,1.18,0.417,0.1063,LOW
35.8,45.6,4.99,0.605,0.2167,LOW
108.1,91.4,7.81,1.665,0.8386,VERY HIGH
112.9,69.4,9.92,1.393,0.7344,HIGH
164.7,87.6,13.7,3.159,1.0,VERY HIGH
74.3,82.3,7.26,2.415,0.6474,HIGH
65.7,83.3,10.56,2.387,0.7949,VERY HIGH
34.6,40.7,5.37,0.339,0.2013,LOW
57.9,87.8,6.57,1.574,0.5392,MEDIUM
45.7,40.3,3.33,1.182,0.2997,MEDIUM
54.8,68.3,4.57,1.382,0.4,MEDIUM
17.3,25.6,1.32,0.418,0.1746,LOW
7.9,26.1,2.23,0.341,0.1156,LOW
33.4,46.9,3.34,1.08,0.2796,LOW
89.3,87.9,10.67,2.279,0.7974,VERY HIGH
42.5,69.1,4.06,0.569,0.3027,MEDIUM
162.7,98.5,12.23,4.68,1.0,VERY HIGH
10.6,36.2,1.72,0.021,0.1373,LOW
26.3,71.6,5.16,0.836,0.3463,MEDIUM
68.5,77.2,8.39,1.269,0.6336,HIGH
22.0,41.7,4.74,0.316,0.2103,LOW
12.0,36.2,1.31,0.255,0.1061,LOW
16.7,44.7,2.04,0.173,0.0901,LOW
14.9,30.7,1.14,0.147,0.0825,LOW
160.2,98.7,22.82,4.318,1.0,VERY HIGH
111.4,89.7,17.71,3.702,1.0,VERY HIGH
15.2,27.9,1.4,0.166,0.1147,LOW
83.3,88.4,11.99,1.062,0.7373,HIGH
177.4,85.0,13.35,3.632,1.0,VERY HIGH
42.6,57.5,3.72,0.595,0.2902,MEDIUM
42.6,59.4,5.74,1.003,0.3529,MEDIUM
7.5,40.5,0.16,0.211,0.1026,LOW
5.7,29.2,2.07,0.416,0.0336,LOW
174.8,92.4,17.85,4.334,1.0,VERY HIGH
47.1,46.6,2.6,0.705,0.2223,LOW
66.1,87.0,9.19,1.741,0.6226,HIGH
57.8,82.7,4.76,2.163,0.5054,MEDIUM
40.3,46.2,5.67,1.311,0.3431,MEDIUM
41.4,40.4,3.98,0.48,0.2866,MEDIUM
112.4,91.4,9.23,2.175,0.8113,VERY HIGH
103.4,88.2,24.16,4.897,1.0,VERY HIGH
3.0,44.9,2.39,0.177,0.0856,LOW
103.3,90.7,12.32,3.875,0.9722,VERY HIGH
112.0,77.3,9.37,1.468,0.6818,HIGH
13.6,21.6,0.76,0.075,0.0406,LOW
189.1,83.6,18.54,2.878,1.0,VERY HIGH
33.3,56.3,2.9,0.745,0.2661,LOW
16.5,17.8,2.12,0.238,0.0948,LOW
34.2,71.1,5.66,0.613,0.3883,MEDIUM
85.6,90.5,11.35,2.274,0.8235,VERY HIGH
15.5,41.1,1.73,0.428,0.1396,LOW
126.4,87.7,12.01,4.408,1.0,VERY HIGH
7.1,30.1,0.89,0.143,0.0604,LOW
156.7,93.3,11.37,3.493,1.0,VERY HIGH
80.5,73.3,11.23,1.538,0.6224,HIGH
161.6,100.0,11.55,4.633,1.0,VERY HIGH
5.4,31.5,2.3,0.266,0.0352,LOW
26.3,64.4,4.2,0.644,0.2808,MEDIUM
65.6,74.0,7.81,2.56,0.5661,HIGH
140.3,95.3,20.65,4.858,1.0,VERY HIGH
28.7,64.3,5.05,1.0,0.415,MEDIUM
8.9,35.4,1.41,0.296,0.1184,LOW
74.3,83.9,8.35,2.179,0.7085,HIGH
135.6,86.3,21.34,3.489,1.0,VERY HIGH
15.3,20.8,0.07,0.334,0.0306,LOW
76.7,86.0,9.69,1.028,0.5744,HIGH
155.6,93.3,16.15,4.856,1.0,VERY HIGH
3.3,37.8,0.45,0.264,0.0627,LOW
181.6,85.8,23.68,2.753,1.0,VERY HIGH
7.6,44.7,0.46,0.292,0.0428,LOW
121.9,96.2,15.46,3.096,1.0,VERY HIGH
65.6,68.2,8.5,2.754,0.6446,HIGH
45.3,59.0,4.61,0.969,0.326,MEDIUM
77.4,72.5,10.47,1.65,0.6344,HIGH
6.4,34.7,0.63,0.429,0.0885,LOW
6.8,23.0,0.71,0.092,0.0928,LOW
2.5,21.4,0.35,0.24,0.0392,LOW
63.2,75.4,9.42,2.287,0.6167,HIGH
154.1,83.9,12.24,4.784,1.0,VERY HIGH
106.0,86.3,10.95,2.678,0.8872,VERY HIGH
53.3,66.2,1.85,0.871,0.2827,MEDIUM
5.7,16.1,1.61,0.103,0.0362,LOW
77.5,75.5,7.94,1.024,0.5033,MEDIUM
174.7,86.5,11.42,2.481,1.0,VERY HIGH
9.1,43.5,0.6,0.096,0.0778,LOW
6.2,41.4,0.85,0.227,0.0021,LOW
28.6,59.5,2.89,1.372,0.341,MEDIUM
34.5,60.0,2.59,1.283,0.2996,MEDIUM
70.2,72.6,10.65,1.226,0.603,HIGH
15.2,30.9,1.69,0.454,0.1674,LOW
27.0,57.2,2.69,1.38,0.2862,MEDIUM
3.8,30.1,1.68,0.219,0.0648,LOW
59.5,76.1,5.96,1.788,0.5865,HIGH
134.4,84.3,23.68,2.282,1.0,VERY HIGH
11.4,20.1,0.21,0.26,0.0227,LOW
43.2,62.5,4.7,0.654,0.322,MEDIUM
5.7,19.3,1.67,0.063,0.0952,LOW
10.7,21.9,0.67,0.071,0.0365,LOW
105.2,81.8,6.51,1.878,0.697,HIGH
11.0,17.7,1.93,0.117,0.1034,LOW
95.2,68.9,7.22,2.364,0.7375,HIGH
190.7,83.7,22.44,2.688,1.0,VERY HIGH
39.6,41.1,4.25,0.771,0.2815,MEDIUM
144.2,83.5,13.62,4.288,1.0,VERY HIGH
94.7,78.3,5.86,2.381,0.6954,HIGH
28.8,64.4,2.86,1.33,0.3262,MEDIUM
100.3,87.6,17.95,2.925,1.0,VERY HIGH
20.8,44.3,2.73,0.929,0.2064,LOW
30.1,40.8,2.98,0.59,0.2303,LOW
15.2,43.1,1.82,0.278,0.1551,LOW
26.3,67.1,2.02,0.794,0.2453,LOW
53.6,61.9,5.58,0.376,0.3899,MEDIUM
3.4,18.6,2.47,0.303,0.1494,LOW
91.8,87.6,10.86,2.458,0.8465,VERY HIGH
47.6,50.5,2.58,1.218,0.3031,MEDIUM
65.6,90.4,8.36,2.525,0.7359,HIGH
57.2,71.0,5.6,2.734,0.5235,MEDIUM
14.4,19.2,1.29,0.363,0.0795,LOW
5.1,25.2,1.29,0.428,0.0276,LOW
124.7,82.8,13.77,2.912,0.9462,VERY HIGH
5.3,37.5,2.31,0.279,0.0841,LOW
111.9,87.0,9.7,1.208,0.7929,VERY HIGH
109.8,86.2,15.21,3.187,0.9906,VERY HIGH
128.3,98.1,21.36,2.26,1.0,VERY HIGH
133.2,88.4,10.56,3.113,0.9753,VERY HIGH
88.2,91.1,9.24,1.683,0.7485,HIGH
38.1,66.3,2.03,0.515,0.264,LOW
35.0,49.3,2.04,1.053,0.255,LOW
191.6,98.1,16.85,3.097,1.0,VERY HIGH
175.9,90.1,18.42,2.916,1.0,VERY HIGH
92.4,84.4,5.49,2.548,0.8431,VERY HIGH
51.0,61.2,3.02,0.682,0.3258,MEDIUM
89.3,84.3,8.67,1.142,0.6284,HIGH
103.6,83.3,10.83,2.405,0.7898,VERY HIGH
52.8,61.4,5.16,0.369,0.3431,MEDIUM
98.5,70.5,11.88,1.243,0.6607,HIGH
80.7,79.3,6.67,2.574,0.6431,HIGH
97.8,88.2,12.71,3.449,0.9266,VERY HIGH
26.4,62.1,4.63,0.731,0.315,MEDIUM
53.5,47.7,5.14,1.286,0.3499,MEDIUM
36.7,51.4,2.31,0.702,0.2779,LOW
183.1,84.5,13.27,4.057,1.0,VERY HIGH
38.2,58.4,2.22,0.445,0.1962,LOW
86.2,81.6,10.76,2.176,0.7355,HIGH
63.2,90.4,6.29,2.605,0.6262,HIGH
32.7,62.3,3.45,1.359,0.3674,MEDIUM
92.4,84.3,18.36,2.783,0.9909,VERY HIGH
7.6,20.4,1.25,0.216,0.0226,LOW
112.5,85.0,8.83,1.089,0.8048,VERY HIGH
173.2,92.9,20.28,3.423,1.0,VERY HIGH
155.6,83.9,18.33,3.908,1.0,VERY HIGH
38.9,62.5,5.19,1.389,0.4394,MEDIUM
173.7,95.8,22.06,4.417,1.0,VERY HIGH
3.1,27.3,0.61,0.232,0.0776,LOW
17.7,29.0,0.57,0.171,0.0907,LOW
113.0,81.1,11.89,1.88,0.8225,VERY HIGH
27.6,41.0,5.15,0.784,0.271,LOW
19.7,47.7,4.46,0.63,0.2087,LOW
82.9,84.3,7.62,2.577,0.7603,HIGH
8.6,26.6,0.18,0.41,0.0617,LOW
5.8,34.7,1.02,0.317,0.1428,LOW
8.4,16.3,0.88,0.268,0.1089,LOW
96.4,83.1,9.13,1.476,0.696,HIGH
40.0,46.1,5.06,0.325,0.2724,LOW
52.7,58.1,4.63,0.528,0.347,MEDIUM
12.1,30.7,1.89,0.252,0.0862,LOW
25.3,69.4,2.43,1.337,0.2961,MEDIUM
94.1,72.8,8.4,2.267,0.6693,HIGH
17.2,33.2,1.41,0.043,0.1049,LOW
30.6,66.3,4.74,0.484,0.321,MEDIUM
90.5,76.1,5.09,2.716,0.6545,HIGH
191.4,88.1,10.38,2.742,1.0,VERY HIGH
81.3,82.0,6.9,2.601,0.6369,HIGH
145.1,91.3,13.54,3.738,1.0,VERY HIGH
22.6,56.7,2.16,0.991,0.2419,LOW
38.0,54.7,4.78,0.642,0.3147,MEDIUM
43.3,64.9,2.26,1.284,0.3252,MEDIUM
22.1,51.2,2.41,0.956,0.2568,LOW
6.1,32.4,0.52,0.369,0.1174,LOW
87.0,84.5,9.37,2.132,0.7818,VERY HIGH
42.8,68.6,4.96,0.568,0.315,MEDIUM
4.4,22.8,0.29,0.166,0.0082,LOW
4.6,31.5,0.25,0.471,0.0549,LOW
13.8,40.7,1.05,0.477,0.092,LOW
15.5,21.6,1.07,0.043,0.0116,LOW
108.8,85.6,8.1,1.333,0.8081,VERY HIGH
146.6,89.3,9.5,2.818,0.9511,VERY HIGH
17.3,26.8,2.31,0.114,0.1385,LOW
88.9,88.3,4.62,2.526,0.7113,HIGH
100.1,84.5,5.82,2.672,0.7634,HIGH
38.4,55.4,2.66,1.203,0.2939,MEDIUM
18.5,67.3,2.1,0.441,0.1629,LOW
48.0,60.0,4.46,0.959,0.4259,MEDIUM
11.9,24.4,2.32,0.441,0.1177,LOW
34.8,52.7,3.99,0.611,0.2924,MEDIUM
86.3,90.8,5.59,1.621,0.5941,HIGH
12.0,16.8,0.62,0.4,0.0023,LOW
23.4,56.3,5.08,1.389,0.3434,MEDIUM
23.8,59.4,3.65,0.451,0.2363,LOW
112.5,89.9,10.25,2.675,0.7903,VERY HIGH
151.3,84.6,21.75,2.556,1.0,VERY HIGH
96.9,75.5,7.82,2.267,0.6388,HIGH
15.1,40.3,2.17,0.335,0.0726,LOW
96.1,84.0,9.59,3.08,0.836,VERY HIGH
42.7,57.4,3.41,0.771,0.2929,MEDIUM
90.9,92.3,10.22,2.683,0.7947,VERY HIGH
68.5,79.6,7.9,1.595,0.5781,HIGH
36.5,40.9,3.86,1.344,0.2969,MEDIUM
34.0,60.8,2.84,0.45,0.2747,LOW
10.2,42.9,1.14,0.35,0.0832,LOW
40.4,62.6,5.72,0.688,0.409,MEDIUM
29.6,48.8,2.38,0.449,0.2238,LOW
13.4,44.6,0.81,0.244,0.1301,LOW
58.6,83.8,10.15,2.776,0.8602,VERY HIGH
22.6,52.1,1.83,0.521,0.1872,LOW
49.6,50.2,2.0,1.072,0.3059,MEDIUM
12.5,40.6,2.29,0.423,0.2048,LOW
62.2,88.5,8.3,1.785,0.563,HIGH
78.5,71.4,8.27,1.267,0.543,MEDIUM
27.7,51.2,5.62,0.697,0.2893,MEDIUM
163.7,96.5,10.3,3.943,1.0,VERY HIGH
95.9,88.6,9.03,4.704,0.8486,VERY HIGH
45.6,69.6,4.16,0.84,0.3306,MEDIUM
2.3,40.3,0.16,0.428,0.0697,LOW
8.3,18.3,0.56,0.278,0.0648,LOW
157.3,91.7,20.42,3.994,1.0,VERY HIGH
5.1,30.2,1.54,0.372,0.0773,LOW
13.9,22.9,0.88,0.21,0.0795,LOW
16.6,36.7,0.73,0.389,0.1535,LOW
171.9,97.7,20.38,4.776,1.0,VERY HIGH
4.8,29.0,0.53,0.186,0.0221,LOW
70.0,76.9,6.91,1.203,0.5206,MEDIUM
31.5,48.9,2.54,0.913,0.2681,LOW
83.6,70.9,8.68,2.341,0.7052,HIGH
15.5,17.1,0.43,0.43,0.1135,LOW
49.5,50.0,3.83,0.886,0.3084,MEDIUM
158.8,83.7,10.84,4.049,1.0,VERY HIGH
16.8,23.2,0.95,0.144,0.1349,LOW
60.3,81.8,11.78,2.153,0.7443,HIGH
3.0,16.5,2.15,0.094,0.0778,LOW
96.2,73.0,10.12,2.038,0.7314,HIGH
174.8,97.5,15.98,4.144,1.0,VERY HIGH
21.4,69.3,4.34,0.904,0.3509,MEDIUM
3.1,31.1,2.33,0.151,0.0508,LOW
13.4,44.6,2.3,0.125,0.1368,LOW
7.8,25.8,0.42,0.04,0.037,LOW
10.9,36.1,0.22,0.347,0.099,LOW
190.5,94.8,18.67,4.397,1.0,VERY HIGH
7.7,22.6,2.03,0.278,0.0693,LOW
52.4,54.6,5.02,1.077,0.3431,MEDIUM
145.0,99.7,19.28,4.979,1.0,VERY HIGH
135.4,84.2,22.85,2.788,1.0,VERY HIGH
10.5,19.5,1.73,0.08,0.0611,LOW
48.3,54.2,3.54,1.157,0.2958,MEDIUM
138.2,94.0,12.73,3.698,1.0,VERY HIGH
32.9,49.9,4.88,0.479,0.3069,MEDIUM
27.1,48.0,5.79,1.14,0.2632,LOW
92.3,82.2,10.13,1.17,0.6532,HIGH
11.7,17.7,1.14,0.384,0.0411,LOW
105.7,77.1,4.7,1.994,0.6379,HIGH
8.1,21.6,0.51,0.104,0.0183,LOW
7.1,19.5,2.19,0.223,0.1338,LOW
8.6,44.4,0.99,0.402,0.1397,LOW
9.3,27.9,1.41,0.095,0.0568,LOW
25.7,52.2,5.75,0.765,0.2664,LOW
113.4,99.6,10.56,4.485,0.9963,VERY HIGH
4.1,26.8,1.05,0.128,0.0577,LOW
104.2,91.5,20.59,4.024,1.0,VERY HIGH
124.2,99.4,19.58,3.79,1.0,VERY HIGH
195.0,98.7,18.97,2.672,1.0,VERY HIGH
121.2,89.3,20.55,4.524,1.0,VERY HIGH
1.6,28.4,0.57,0.338,0.1233,LOW
9.3,35.7,2.4,0.436,0.1554,LOW
27.9,58.6,2.31,1.339,0.2038,LOW
98.6,74.4,10.65,1.731,0.7508,HIGH
2.0,16.3,1.02,0.243,0.0666,LOW
52.5,40.4,3.26,0.737,0.3254,MEDIUM
47.4,54.8,4.94,1.341,0.42,MEDIUM
185.2,93.7,16.67,4.128,1.0,VERY HIGH
5.2,38.0,0.8,0.036,0.0945,LOW
40.0,57.1,3.99,0.902,0.3389,MEDIUM
16.5,40.4,0.2,0.457,0.1423,LOW
13.9,30.6,1.57,0.177,0.112,LOW
56.4,87.3,8.57,1.393,0.5441,MEDIUM
83.1,69.1,11.01,1.87,0.6581,HIGH
72.5,84.9,10.54,2.669,0.8326,VERY HIGH
4.4,40.5,1.52,0.426,0.1937,LOW
10.7,43.6,0.01,0.448,0.0925,LOW
54.3,61.1,5.68,0.4,0.4001,MEDIUM
17.3,32.4,0.28,0.135,0.0324,LOW
10.0,35.2,1.53,0.456,0.1384,LOW
2.4,18.9,0.6,0.344,0.0601,LOW
11.5,17.4,0.44,0.337,0.0516,LOW
70.0,74.8,8.17,1.777,0.6381,HIGH
20.6,51.1,3.46,1.242,0.2524,LOW
140.8,83.2,9.06,2.811,0.8815,VERY HIGH
17.9,18.8,0.61,0.278,0.0737,LOW
2.3,17.6,1.75,0.038,0.1242,LOW
184.5,97.2,23.97,2.51,1.0,VERY HIGH
160.3,93.0,15.42,4.382,1.0,VERY HIGH
28.7,44.7,2.37,1.325,0.2515,LOW
165.9,83.5,22.32,2.385,1.0,VERY HIGH
100.0,92.8,22.93,3.641,1.0,VERY HIGH
11.2,21.0,1.88,0.116,0.1186,LOW
72.9,78.5,10.85,1.659,0.6685,HIGH
37.6,41.3,4.01,1.274,0.3019,MEDIUM
72.2,69.3,6.42,1.929,0.551,HIGH
85.4,71.7,11.7,1.145,0.7222,HIGH
51.1,71.4,3.93,1.331,0.3272,MEDIUM
24.6,53.9,3.93,0.449,0.3261,MEDIUM
92.4,98.0,18.69,4.964,1.0,VERY HIGH
1.5,41.8,2.37,0.291,0.1553,LOW
13.3,40.1,0.25,0.265,0.0247,LOW
41.5,45.0,2.73,0.473,0.2569,LOW
106.8,88.5,23.78,4.063,1.0,VERY HIGH
132.3,95.1,15.05,3.766,1.0,VERY HIGH
60.2,78.3,6.28,2.226,0.5998,HIGH
86.7,86.2,5.1,1.536,0.5678,HIGH
97.6,88.7,9.27,2.095,0.7598,HIGH
97.3,82.7,4.8,2.171,0.6454,HIGH
93.2,73.1,5.46,2.369,0.5061,MEDIUM
12.6,18.1,1.98,0.111,0.0732,LOW
74.1,70.0,4.63,1.062,0.3753,MEDIUM
9.3,26.1,1.57,0.226,0.1548,LOW
4.9,34.0,1.32,0.05,0.038,LOW
57.1,87.9,9.76,1.964,0.6552,HIGH
182.7,99.8,17.81,3.406,1.0,VERY HIGH
94.3,86.7,9.18,2.348,0.8279,VERY HIGH
87.2,82.1,10.24,2.356,0.825,VERY HIGH
165.7,85.2,10.55,3.49,1.0,VERY HIGH
77.7,68.5,8.42,2.511,0.6677,HIGH
58.4,84.5,10.6,1.732,0.6498,HIGH
102.4,83.5,4.53,1.315,0.6291,HIGH
114.0,91.1,6.41,2.745,0.8305,VERY HIGH
163.8,85.4,9.9,4.327,1.0,VERY HIGH
1.7,18.4,2.44,0.286,0.0644,LOW
194.1,85.2,12.34,4.058,1.0,VERY HIGH
34.1,59.7,5.34,0.398,0.3209,MEDIUM
38.7,63.0,1.99,0.518,0.2502,LOW
158.8,98.0,23.05,4.234,1.0,VERY HIGH
44.2,63.9,5.52,1.151,0.407,MEDIUM
3.9,40.4,2.07,0.314,0.1303,LOW
104.9,80.4,9.21,1.197,0.6847,HIGH
73.3,80.0,6.16,1.111,0.5359,MEDIUM
30.3,42.6,5.22,0.313,0.241,LOW
103.1,97.8,19.52,4.794,1.0,VERY HIGH
174.8,86.0,11.18,2.595,1.0,VERY HIGH
67.1,90.5,7.15,2.495,0.6689,HIGH
58.5,90.4,6.4,1.418,0.5541,HIGH
15.8,24.4,1.75,0.037,0.0397,LOW
16.7,39.3,2.34,0.095,0.0408,LOW
86.8,85.4,7.42,2.641,0.6991,HIGH
118.5,99.6,12.43,3.952,0.9915,VERY HIGH
1.6,32.5,1.46,0.289,0.0877,LOW
50.8,52.0,3.02,1.334,0.3062,MEDIUM
141.7,98.5,23.78,3.234,1.0,VERY HIGH
106.1,97.0,17.6,4.383,1.0,VERY HIGH
98.5,76.5,5.85,2.633,0.6997,HIGH
39.0,52.6,2.85,0.335,0.1833,LOW
55.3,87.3,8.28,1.063,0.4686,MEDIUM
7.9,24.9,0.08,0.175,0.0129,LOW
2.8,15.8,2.12,0.259,0.051,LOW
55.0,78.2,9.9,2.241,0.855,VERY HIGH
59.6,73.5,9.13,1.563,0.6141,HIGH
4.2,30.9,1.87,0.107,0.0585,LOW
30.0,48.5,4.56,1.311,0.3181,MEDIUM
40.1,41.5,5.46,0.498,0.2646,LOW
104.2,83.7,6.2,1.798,0.6467,HIGH
25.9,44.4,5.39,0.591,0.2005,LOW
84.3,80.2,9.78,2.698,0.8415,VERY HIGH
5.8,24.6,1.96,0.143,0.0841,LOW
24.8,68.2,3.93,0.891,0.3539,MEDIUM
1.7,29.4,0.82,0.299,0.0612,LOW
25.2,71.3,2.84,1.253,0.3313,MEDIUM
67.3,71.3,5.65,2.125,0.5375,MEDIUM
90.6,84.0,8.37,1.677,0.802,VERY HIGH
7.9,40.3,2.42,0.431,0.1947,LOW
14.5,31.9,0.54,0.223,0.0857,LOW
5.6,28.3,1.65,0.479,0.0972,LOW
108.3,98.6,19.09,3.421,1.0,VERY HIGH
173.1,89.5,17.51,4.329,1.0,VERY HIGH
62.6,91.0,9.92,1.399,0.5536,HIGH
42.4,66.8,3.65,1.179,0.3659,MEDIUM
6.1,17.7,0.03,0.149,0.0,LOW
28.6,52.8,5.34,1.004,0.3273,MEDIUM
25.1,56.6,3.13,0.86,0.2828,MEDIUM
110.5,80.0,5.11,1.338,0.6764,HIGH
95.4,96.6,21.96,2.502,1.0,VERY HIGH
22.5,40.2,1.82,1.367,0.1451,LOW
48.9,48.7,3.24,1.198,0.3497,MEDIUM
46.1,60.4,2.4,1.102,0.275,LOW
62.8,75.6,10.64,1.213,0.5597,HIGH
85.6,81.8,7.72,1.37,0.5906,HIGH
86.7,89.4,6.52,2.701,0.7334,HIGH
161.5,95.9,12.73,2.291,1.0,VERY HIGH
2.8,32.1,2.47,0.089,0.0356,LOW
98.1,70.0,6.99,1.323,0.6738,HIGH
45.8,60.2,2.95,0.927,0.3073,MEDIUM
60.8,86.0,11.95,2.401,0.8589,VERY HIGH
51.6,49.9,3.14,0.53,0.2449,LOW
169.6,86.1,20.59,2.398,1.0,VERY HIGH
43.2,64.7,3.16,1.283,0.3029,MEDIUM
8.4,40.3,1.13,0.048,0.0689,LOW
70.7,70.1,9.53,2.031,0.549,MEDIUM
15.4,20.7,0.05,0.196,0.078,LOW
67.4,68.8,11.95,2.197,0.6492,HIGH
12.6,20.4,1.13,0.412,0.0654,LOW
131.0,88.3,18.02,3.421,1.0,VERY HIGH
22.2,66.2,5.58,1.291,0.2911,MEDIUM
77.0,79.5,9.39,1.73,0.6472,HIGH
5.5,19.0,0.71,0.477,0.1093,LOW
29.1,47.7,1.84,0.969,0.1888,LOW
48.2,56.1,3.23,1.257,0.2631,LOW
83.9,78.1,10.38,1.044,0.6524,HIGH
73.7,86.9,9.68,2.407,0.8428,VERY HIGH
142.2,90.2,16.33,2.272,1.0,VERY HIGH
17.3,26.8,0.25,0.419,0.0599,LOW
189.3,83.9,14.12,4.505,1.0,VERY HIGH
40.0,59.0,3.65,1.357,0.3445,MEDIUM
146.8,99.4,18.68,2.733,1.0,VERY HIGH
183.9,85.9,19.3,3.728,1.0,VERY HIGH
50.3,64.8,4.6,1.167,0.4065,MEDIUM
114.4,89.0,18.31,4.005,1.0,VERY HIGH
103.6,85.9,11.92,4.19,1.0,VERY HIGH
155.1,83.2,9.86,3.674,1.0,VERY HIGH
14.3,27.2,0.54,0.052,0.097,LOW
110.5,86.1,23.0,2.977,1.0,VERY HIGH
8.8,24.0,0.98,0.434,0.0657,LOW
23.2,43.7,3.39,1.013,0.1769,LOW
73.1,70.5,11.92,1.423,0.6075,HIGH
63.0,88.8,4.94,1.63,0.5252,MEDIUM
5.1,26.9,0.31,0.382,0.0624,LOW
7.3,39.6,0.81,0.128,0.0709,LOW
178.4,86.0,11.37,2.308,1.0,VERY HIGH
20.7,52.3,2.88,1.035,0.3104,MEDIUM
140.7,86.4,12.18,4.112,1.0,VERY HIGH
17.7,25.8,0.47,0.441,0.1388,LOW
188.4,96.8,19.25,3.64,1.0,VERY HIGH
162.5,98.8,15.42,3.942,1.0,VERY HIGH
0.1,43.6,1.35,0.499,0.0875,LOW
5.2,30.2,2.13,0.23,0.105,LOW
30.0,63.7,3.99,0.957,0.2282,LOW
48.0,67.2,5.3,0.609,0.3251,MEDIUM
7.4,22.2,2.42,0.154,0.0658,LOW
5.3,40.4,1.7,0.108,0.1396,LOW
194.2,86.5,12.82,4.987,1.0,VERY HIGH
5.3,22.9,1.74,0.133,0.0645,LOW
87.6,76.3,8.92,2.722,0.7074,HIGH
16.1,28.9,0.04,0.372,0.0525,LOW
10.0,18.0,0.36,0.064,0.0436,LOW
33.6,63.3,3.11,1.372,0.355,MEDIUM
15.9,20.7,1.49,0.333,0.0391,LOW
88.4,82.3,7.82,1.496,0.6306,HIGH
23.8,71.9,4.07,1.354,0.3916,MEDIUM
7.6,37.9,0.72,0.126,0.1111,LOW
125.0,87.0,12.59,4.763,1.0,VERY HIGH
18.6,60.9,2.63,0.931,0.2724,LOW
74.1,79.8,10.23,1.722,0.7429,HIGH
9.6,27.8,0.85,0.126,0.0813,LOW
33.1,55.7,2.38,1.183,0.1853,LOW
58.3,73.7,7.54,2.223,0.5028,MEDIUM
158.0,95.9,19.76,3.904,1.0,VERY HIGH
45.8,67.0,3.73,0.32,0.3604,MEDIUM
21.2,71.0,2.66,0.661,0.2431,LOW
183.9,98.5,18.29,3.549,1.0,VERY HIGH
4.2,41.9,1.23,0.348,0.125,LOW
7.1,19.6,0.14,0.137,0.0,LOW
33.2,63.5,3.37,1.293,0.3553,MEDIUM
55.2,76.7,11.59,2.565,0.7509,HIGH
113.0,82.1,8.49,1.423,0.7074,HIGH
37.5,64.7,2.98,0.515,0.2968,MEDIUM
42.7,58.2,4.61,0.46,0.279,LOW
102.4,80.0,11.06,1.406,0.7243,HIGH
32.9,60.5,4.43,0.85,0.3615,MEDIUM
2.9,44.1,2.36,0.08,0.1131,LOW
12.7,21.6,1.5,0.376,0.0818,LOW
12.7,21.5,1.39,0.213,0.0696,LOW
37.9,64.0,3.96,0.73,0.3076,MEDIUM
123.3,93.6,10.5,4.452,0.9473,VERY HIGH
95.0,75.8,9.41,1.236,0.6417,HIGH
26.7,44.1,3.81,0.869,0.3112,MEDIUM
51.0,41.1,2.83,0.896,0.3212,MEDIUM
180.2,85.1,9.7,4.946,1.0,VERY HIGH
0.9,27.8,1.3,0.164,0.074,LOW
115.8,88.7,23.67,3.488,1.0,VERY HIGH
64.7,74.7,5.75,1.276,0.5113,MEDIUM
28.2,44.3,3.91,1.254,0.2203,LOW
103.6,84.3,11.17,2.32,0.8972,VERY HIGH
2.0,39.7,0.41,0.234,0.0889,LOW
126.2,91.1,9.73,4.106,0.9877,VERY HIGH
7.5,31.2,0.52,0.05,0.0652,LOW
145.1,93.9,19.55,2.402,1.0,VERY HIGH
1.0,22.1,0.29,0.495,0.011,LOW
97.3,81.7,11.12,2.647,0.8576,VERY HIGH
85.0,82.5,5.65,1.088,0.5048,MEDIUM
40.1,51.6,2.29,0.335,0.1488,LOW
0.6,16.9,2.17,0.183,0.0334,LOW
4.5,24.8,2.5,0.486,0.095,LOW
84.3,72.8,7.87,2.326,0.7252,HIGH
48.3,50.7,4.64,0.872,0.3208,MEDIUM
14.3,23.1,2.05,0.163,0.0606,LOW
111.2,93.2,18.96,4.091,1.0,VERY HIGH
55.5,73.5,9.32,2.247,0.5753,HIGH
14.5,26.1,1.86,0.31,0.1577,LOW
97.4,71.3,11.34,1.263,0.7185,HIGH
35.2,52.4,3.1,0.639,0.207,LOW
27.6,48.8,2.04,0.678,0.227,LOW
13.8,28.8,0.02,0.175,0.0605,LOW
184.7,90.8,16.77,3.386,1.0,VERY HIGH
17.3,43.7,2.47,0.244,0.2151,LOW
9.4,38.6,1.25,0.442,0.1798,LOW
99.7,84.6,5.08,2.752,0.7765,HIGH
7.0,36.1,1.98,0.045,0.0758,LOW
2.7,28.7,1.9,0.367,0.0975,LOW
17.2,38.0,0.21,0.15,0.1071,LOW
141.1,98.4,10.42,4.619,1.0,VERY HIGH
50.8,51.3,5.61,0.946,0.3634,MEDIUM
74.6,89.7,7.59,1.837,0.618,HIGH
16.0,28.0,1.75,0.257,0.1271,LOW
2.3,22.7,1.24,0.39,0.108,LOW
95.3,82.6,10.37,2.73,0.8079,VERY HIGH
115.5,99.2,14.48,3.99,1.0,VERY HIGH
112.3,78.0,6.92,2.225,0.7742,HIGH
162.4,91.1,12.32,4.217,1.0,VERY HIGH
24.0,47.9,3.91,1.268,0.2757,LOW
140.5,95.5,21.04,4.401,1.0,VERY HIGH
51.9,50.6,4.77,1.207,0.3778,MEDIUM
23.4,61.4,4.57,0.751,0.3141,MEDIUM
14.0,32.0,2.18,0.185,0.1243,LOW
188.7,95.1,21.51,3.2,1.0,VERY HIGH
96.6,81.5,10.83,1.726,0.7541,HIGH
177.0,95.8,9.27,3.202,1.0,VERY HIGH
95.5,93.6,10.92,4.866,0.9239,VERY HIGH
16.0,15.5,0.49,0.151,0.0116,LOW
157.6,98.7,17.01,2.885,1.0,VERY HIGH
16.1,15.4,0.88,0.099,0.0766,LOW
59.3,68.7,9.89,1.587,0.6031,HIGH
83.2,85.4,5.08,2.074,0.6399,HIGH
105.6,87.4,16.4,3.761,0.9889,VERY HIGH
98.1,82.4,19.87,2.648,0.9887,VERY HIGH
17.8,33.4,1.32,0.205,0.1303,LOW
152.7,88.5,16.45,3.341,1.0,VERY HIGH
165.8,96.4,22.7,4.241,1.0,VERY HIGH
155.3,97.3,14.34,4.093,1.0,VERY HIGH
33.2,60.2,2.49,0.661,0.2521,LOW
87.0,89.3,7.87,1.262,0.5704,HIGH
16.9,20.3,0.23,0.104,0.0369,LOW
117.5,97.1,19.16,4.717,1.0,VERY HIGH
79.3,86.5,7.03,2.517,0.7133,HIGH
17.5,41.1,2.38,0.383,0.1769,LOW
36.7,58.3,5.21,1.21,0.392,MEDIUM
91.6,79.5,7.21,2.401,0.7127,HIGH
21.9,47.8,4.42,0.374,0.2833,MEDIUM
3.7,31.0,1.05,0.485,0.1166,LOW
96.9,89.6,9.68,1.417,0.801,VERY HIGH
13.7,15.8,0.09,0.125,0.0245,LOW
47.0,63.4,5.08,1.099,0.3892,MEDIUM
96.3,82.6,7.93,1.432,0.6614,HIGH
96.4,90.0,13.03,3.472,0.9543,VERY HIGH
106.8,70.0,11.91,1.359,0.7417,HIGH
19.7,67.2,5.08,0.877,0.286,MEDIUM
159.2,96.9,19.66,4.509,1.0,VERY HIGH
62.3,83.2,5.65,1.803,0.5418,MEDIUM
21.2,61.4,4.27,1.101,0.2331,LOW
31.4,59.7,1.91,0.489,0.26,LOW
100.0,75.0,6.17,2.377,0.6771,HIGH
57.3,85.6,11.41,2.098,0.7017,HIGH
17.1,42.9,0.83,0.034,0.0531,LOW
24.6,48.1,5.23,0.579,0.2239,LOW
186.6,96.3,20.22,2.276,1.0,VERY HIGH
5.9,37.7,0.93,0.172,0.0944,LOW
102.7,80.8,7.09,2.301,0.675,HIGH
38.5,67.4,2.18,1.122,0.3138,MEDIUM
9.4,18.8,0.57,0.243,0.0884,LOW
76.7,87.9,7.72,2.291,0.6928,HIGH
4.2,34.5,1.27,0.352,0.0972,LOW
45.6,56.0,3.54,1.173,0.3224,MEDIUM
2.8,28.4,1.31,0.441,0.0778,LOW
48.6,71.9,4.87,0.98,0.3615,MEDIUM
180.3,95.2,22.65,4.061,1.0,VERY HIGH
113.1,74.3,5.11,1.431,0.6515,HIGH
2.1,39.5,2.15,0.088,0.0512,LOW
110.6,89.3,6.66,1.807,0.8576,VERY HIGH
14.3,30.9,0.08,0.078,0.0156,LOW
76.2,76.6,11.15,1.629,0.6883,HIGH
143.6,93.7,15.66,3.935,1.0,VERY HIGH
12.1,20.7,2.21,0.335,0.0958,LOW
87.6,90.5,5.58,2.731,0.7432,HIGH
185.8,98.6,10.55,2.792,1.0,VERY HIGH
68.5,77.3,5.84,1.008,0.5221,MEDIUM
6.7,27.0,1.19,0.094,0.0397,LOW
101.4,92.0,11.86,3.621,0.9804,VERY HIGH
41.0,51.4,3.44,0.591,0.2537,LOW
23.3,54.1,3.84,0.738,0.2523,LOW
1.4,30.3,1.6,0.284,0.0632,LOW
189.8,85.1,11.64,4.171,1.0,VERY HIGH
114.6,74.2,8.85,1.574,0.6937,HIGH
66.0,76.1,5.39,2.671,0.5701,HIGH
5.4,44.1,0.12,0.236,0.0204,LOW
10.6,42.8,0.59,0.22,0.0241,LOW
109.7,71.5,9.74,1.711,0.7356,HIGH
77.1,79.8,8.8,2.506,0.7057,HIGH
88.4,69.6,11.38,2.752,0.7742,HIGH
95.1,93.9,23.78,4.654,1.0,VERY HIGH
43.6,45.4,5.33,0.584,0.3003,MEDIUM
52.3,43.8,3.07,0.371,0.2842,MEDIUM
68.2,78.6,6.57,2.101,0.5789,HIGH
111.1,98.8,18.19,2.93,1.0,VERY HIGH
43.4,72.0,4.2,1.239,0.3503,MEDIUM
93.0,68.6,7.37,1.283,0.6331,HIGH
73.2,75.6,9.07,2.636,0.6816,HIGH
66.1,88.9,6.3,1.702,0.6223,HIGH
35.2,40.8,5.77,0.952,0.3245,MEDIUM
18.8,47.4,5.62,0.835,0.3115,MEDIUM
5.7,22.4,2.33,0.251,0.1386,LOW
46.8,49.7,1.96,1.025,0.2966,MEDIUM
88.3,84.4,6.12,1.225,0.5591,HIGH
50.4,66.1,5.15,0.476,0.3414,MEDIUM
45.0,66.8,3.92,0.669,0.4123,MEDIUM
83.2,76.3,5.79,2.641,0.7097,HIGH
9.6,25.2,0.64,0.418,0.0686,LOW
11.9,36.9,1.38,0.169,0.0833,LOW
60.0,78.1,11.84,2.18,0.7108,HIGH
43.2,56.6,4.04,0.328,0.3084,MEDIUM
16.4,35.4,2.0,0.064,0.1117,LOW
11.1,18.7,1.76,0.424,0.0272,LOW
68.5,74.8,10.57,1.993,0.6364,HIGH
11.0,19.1,1.84,0.108,0.0861,LOW
24.5,43.9,4.54,0.484,0.1402,LOW
56.4,70.3,11.23,1.0,0.5425,MEDIUM
21.8,48.8,2.44,0.516,0.1921,LOW
69.0,84.6,10.19,1.25,0.645,HIGH
40.8,48.4,4.32,0.486,0.2771,LOW
93.3,78.0,8.36,1.569,0.7149,HIGH
29.7,61.5,5.26,1.18,0.3667,MEDIUM
100.9,68.4,10.62,1.187,0.6931,HIGH
76.8,77.0,7.01,1.425,0.5799,HIGH
30.7,70.6,1.81,0.752,0.2611,LOW
168.1,93.6,14.51,3.615,1.0,VERY HIGH
18.9,68.2,4.71,0.508,0.3095,MEDIUM
31.7,43.4,3.46,0.697,0.2604,LOW
0.9,23.6,1.78,0.269,0.0605,LOW
51.9,53.6,3.45,1.359,0.3886,MEDIUM
124.3,86.6,16.43,3.144,1.0,VERY HIGH
33.9,70.8,5.65,0.893,0.3795,MEDIUM
110.6,93.4,20.4,4.387,1.0,VERY HIGH
108.7,69.7,11.95,1.892,0.7298,HIGH
137.9,99.2,11.13,2.553,0.9756,VERY HIGH
21.6,62.7,5.58,0.97,0.3114,MEDIUM
165.6,98.8,15.6,4.68,1.0,VERY HIGH
3.6,27.5,1.73,0.427,0.0776,LOW
19.2,67.6,1.9,1.153,0.2358,LOW
95.1,74.6,7.45,1.703,0.6325,HIGH
94.4,80.6,4.79,1.109,0.6042,HIGH
13.2,24.2,0.71,0.204,0.0931,LOW
23.1,56.0,5.03,0.73,0.259,LOW
32.3,72.0,4.0,1.119,0.3658,MEDIUM
92.3,81.9,11.7,1.02,0.7014,HIGH
65.3,82.7,10.84,1.294,0.6227,HIGH
25.8,57.8,2.08,0.695,0.2206,LOW
158.8,88.1,11.56,4.42,1.0,VERY HIGH
38.5,59.2,5.42,0.531,0.3092,MEDIUM
124.5,87.7,18.62,4.791,1.0,VERY HIGH
16.7,35.1,0.85,0.047,0.1161,LOW
61.2,76.3,6.8,2.132,0.5354,MEDIUM
11.9,33.6,1.89,0.022,0.1334,LOW
82.3,76.0,9.87,1.269,0.6651,HIGH
43.8,60.1,2.66,1.003,0.3456,MEDIUM
1.9,32.5,0.84,0.11,0.0517,LOW
28.2,64.2,5.63,1.338,0.3427,MEDIUM
85.7,73.5,6.9,1.383,0.6225,HIGH
48.7,64.1,3.34,0.473,0.2908,MEDIUM
76.9,78.2,4.93,1.674,0.6039,HIGH
55.0,84.4,8.5,1.542,0.6031,HIGH
114.2,91.0,23.35,2.44,1.0,VERY HIGH
36.5,71.8,3.94,0.541,0.2785,LOW
25.0,60.8,2.69,0.554,0.2238,LOW
104.5,91.0,10.54,2.402,0.8331,VERY HIGH
42.3,57.3,5.39,0.358,0.3171,MEDIUM
78.8,90.2,7.67,2.025,0.6909,HIGH
96.1,97.9,12.6,2.66,0.9448,VERY HIGH
157.5,96.5,10.04,4.409,1.0,VERY HIGH
190.3,87.0,21.21,4.717,1.0,VERY HIGH
2.7,28.2,0.34,0.275,0.0357,LOW
48.7,62.4,3.51,0.492,0.3422,MEDIUM
15.5,37.4,1.85,0.034,0.0008,LOW
74.1,87.5,6.84,1.273,0.5554,HIGH
59.4,71.0,5.58,2.337,0.5081,MEDIUM
78.5,88.1,9.6,1.293,0.6336,HIGH
26.1,42.4,3.95,1.113,0.2414,LOW
4.9,24.0,1.1,0.461,0.0936,LOW
136.8,84.6,14.23,4.751,1.0,VERY HIGH
20.3,43.4,3.56,1.151,0.1834,LOW
57.4,77.0,11.54,1.173,0.5698,HIGH
63.8,86.4,5.57,1.074,0.5182,MEDIUM
91.0,83.6,22.93,4.584,1.0,VERY HIGH
57.7,85.8,9.21,1.875,0.5485,MEDIUM
105.6,79.6,9.57,1.41,0.7918,VERY HIGH
144.8,97.8,21.87,4.506,1.0,VERY HIGH
34.0,42.0,4.65,1.372,0.3199,MEDIUM
16.5,40.7,1.0,0.133,0.1328,LOW
35.9,48.6,5.14,1.028,0.3223,MEDIUM
119.0,92.2,23.59,3.527,1.0,VERY HIGH
36.1,53.4,2.59,1.27,0.2952,MEDIUM
76.5,72.4,6.3,1.121,0.5284,MEDIUM
53.3,60.9,2.76,0.424,0.2721,LOW
24.4,52.1,4.19,1.387,0.3282,MEDIUM
41.4,63.4,2.17,0.318,0.2097,LOW
2.6,21.6,1.23,0.188,0.1105,LOW
182.9,88.1,11.72,2.348,1.0,VERY HIGH
23.8,59.9,3.15,0.888,0.2734,LOW
9.7,40.8,2.31,0.054,0.0918,LOW
4.7,20.6,1.22,0.034,0.1563,LOW
38.3,59.1,4.79,0.697,0.3232,MEDIUM
42.5,57.9,3.07,1.04,0.3391,MEDIUM
87.0,87.6,9.99,2.492,0.8089,VERY HIGH
14.1,16.2,2.4,0.121,0.0521,LOW
28.0,70.7,2.74,0.951,0.2551,LOW
40.0,48.4,3.47,0.732,0.2744,LOW
28.9,42.4,5.5,0.959,0.3303,MEDIUM
17.1,34.1,1.12,0.359,0.1647,LOW
4.3,29.8,1.94,0.081,0.0783,LOW
43.8,45.1,2.48,0.956,0.3157,MEDIUM
110.8,83.4,6.25,1.381,0.6629,HIGH
10.6,41.0,1.76,0.279,0.1405,LOW
25.3,70.5,5.69,0.924,0.304,MEDIUM
5.5,28.5,0.55,0.153,0.026,LOW
12.7,27.4,0.82,0.404,0.0681,LOW
5.2,28.4,1.74,0.236,0.1025,LOW
17.3,16.6,2.27,0.092,0.0954,LOW
102.4,85.9,23.14,3.559,1.0,VERY HIGH
58.3,73.0,6.52,2.382,0.4645,MEDIUM
152.4,84.6,16.28,3.337,1.0,VERY HIGH
23.9,52.0,5.75,0.71,0.2589,LOW
89.2,85.8,5.8,2.272,0.6349,HIGH
69.6,72.2,9.16,1.492,0.6078,HIGH
185.1,95.8,18.86,3.259,1.0,VERY HIGH
41.4,41.8,3.95,0.772,0.2066,LOW
134.3,91.3,16.76,3.935,1.0,VERY HIGH
99.1,68.7,9.39,2.674,0.7638,HIGH
7.1,15.4,0.39,0.303,0.0044,LOW
15.0,25.3,0.94,0.267,0.0425,LOW
44.0,47.8,5.34,0.367,0.3587,MEDIUM
61.9,86.2,8.46,2.294,0.618,HIGH
12.8,23.4,1.2,0.258,0.075,LOW
34.8,66.4,4.44,0.851,0.288,MEDIUM
76.5,69.6,10.23,2.312,0.8423,VERY HIGH
39.8,69.7,2.55,1.262,0.3878,MEDIUM
86.1,87.4,10.24,2.364,0.7468,HIGH
13.0,24.6,0.85,0.383,0.0925,LOW
15.4,29.8,0.53,0.162,0.0761,LOW
43.4,62.5,4.89,0.495,0.3907,MEDIUM
12.6,21.3,1.99,0.028,0.0467,LOW
1.0,18.0,0.17,0.261,0.0439,LOW
32.0,46.5,4.49,0.44,0.1936,LOW
16.9,21.0,2.31,0.027,0.1252,LOW
17.6,18.6,1.25,0.099,0.093,LOW
18.2,49.4,2.14,0.988,0.1738,LOW
10.0,25.3,1.49,0.255,0.0703,LOW
89.4,84.3,6.76,1.327,0.5502,HIGH
11.4,20.7,0.07,0.146,0.0392,LOW
11.3,31.1,0.58,0.258,0.0755,LOW
110.0,81.7,10.4,1.493,0.7558,HIGH
4.2,42.0,0.74,0.471,0.0889,LOW
104.7,81.4,5.05,1.661,0.589,HIGH
83.3,83.5,9.22,1.106,0.595,HIGH
0.6,41.0,2.47,0.431,0.052,LOW
102.4,84.6,8.57,1.439,0.8124,VERY HIGH
124.8,93.0,14.12,4.056,1.0,VERY HIGH
78.0,82.4,9.07,2.016,0.6889,HIGH
104.2,78.9,10.06,1.111,0.7486,HIGH
90.4,86.6,9.53,1.507,0.8457,VERY HIGH
66.7,78.7,10.36,1.235,0.6166,HIGH
48.2,59.9,3.37,1.347,0.327,MEDIUM
35.7,65.6,2.82,0.554,0.2666,LOW
164.2,83.9,14.99,3.951,1.0,VERY HIGH
104.5,88.9,7.97,2.683,0.7842,VERY HIGH
72.7,91.7,9.85,1.485,0.6666,HIGH
117.5,89.7,13.16,2.209,0.8983,VERY HIGH
147.1,96.0,19.23,2.424,1.0,VERY HIGH
25.1,71.7,5.66,1.122,0.3801,MEDIUM
177.7,94.6,21.38,4.93,1.0,VERY HIGH
97.2,68.4,9.77,1.777,0.656,HIGH
41.2,62.5,2.17,0.563,0.2459,LOW
40.5,65.1,3.09,0.659,0.2702,LOW
45.4,49.2,2.82,0.421,0.2575,LOW
107.2,81.5,6.17,1.954,0.6809,HIGH
36.6,46.0,3.75,1.182,0.3026,MEDIUM
180.8,95.4,19.16,3.025,1.0,VERY HIGH
86.5,87.0,8.03,2.131,0.7089,HIGH
80.1,89.8,8.06,1.045,0.6588,HIGH
103.3,76.0,6.64,1.714,0.6793,HIGH
17.7,31.6,1.26,0.14,0.1657,LOW
73.0,88.0,7.86,2.428,0.6688,HIGH
49.1,43.1,2.55,1.363,0.2579,LOW
8.2,26.7,0.23,0.406,0.0562,LOW
38.9,58.0,3.93,1.228,0.4022,MEDIUM
131.8,83.4,12.71,3.463,1.0,VERY HIGH
1.7,17.0,2.17,0.25,0.057,LOW
91.2,94.7,23.51,4.674,1.0,VERY HIGH
17.4,41.0,0.01,0.494,0.0434,LOW
10.1,25.8,0.17,0.041,0.0358,LOW
135.3,82.2,13.94,4.065,1.0,VERY HIGH
37.7,43.1,4.16,0.838,0.3189,MEDIUM
46.2,44.5,4.46,1.259,0.3184,MEDIUM
9.5,44.4,0.27,0.077,0.0934,LOW
109.2,85.4,4.59,1.626,0.8122,VERY HIGH
8.9,31.9,0.48,0.118,0.0606,LOW
18.6,57.8,4.57,1.167,0.2116,LOW
51.9,65.5,5.72,0.739,0.3946,MEDIUM
132.7,97.4,14.07,3.947,1.0,VERY HIGH
50.4,65.4,2.15,0.748,0.2763,LOW
191.8,94.3,11.41,3.041,1.0,VERY HIGH
108.3,74.2,11.54,1.314,0.8005,VERY HIGH
51.7,59.1,1.97,1.076,0.3147,MEDIUM
0.6,19.9,1.62,0.466,0.0641,LOW
18.1,57.0,2.76,1.233,0.2478,LOW
179.1,87.0,11.31,4.347,1.0,VERY HIGH
93.1,89.6,7.36,1.332,0.8319,VERY HIGH
68.2,70.3,10.02,2.187,0.64,HIGH
102.7,98.4,17.89,4.814,1.0,VERY HIGH
76.5,74.5,7.13,1.165,0.6068,HIGH
113.9,90.7,20.17,4.516,1.0,VERY HIGH
44.9,56.2,4.4,0.826,0.3033,MEDIUM
58.2,84.4,6.91,1.0,0.5339,MEDIUM
192.3,89.5,20.7,3.635,1.0,VERY HIGH
5.5,42.0,2.4,0.203,0.0948,LOW
24.5,51.2,4.66,0.325,0.2895,MEDIUM
17.1,41.8,1.14,0.14,0.135,LOW
10.1,36.5,2.31,0.032,0.1004,LOW
16.8,18.9,0.41,0.198,0.0245,LOW
46.7,66.1,4.46,1.361,0.4055,MEDIUM
90.4,85.3,4.51,2.569,0.8505,VERY HIGH
72.9,85.3,4.92,1.297,0.5407,MEDIUM
61.1,73.4,6.68,1.005,0.4618,MEDIUM
11.8,39.6,1.26,0.268,0.1355,LOW
31.3,63.0,3.38,1.321,0.3454,MEDIUM
0.8,36.3,1.73,0.404,0.1034,LOW
2.4,39.1,1.85,0.191,0.0267,LOW
6.6,44.5,1.0,0.235,0.0993,LOW
0.7,15.7,1.53,0.275,0.0551,LOW
14.1,32.6,0.74,0.367,0.0838,LOW
13.9,39.9,1.98,0.029,0.0687,LOW
9.6,29.6,1.13,0.248,0.1227,LOW
82.9,79.9,8.17,1.769,0.6509,HIGH
167.5,99.1,11.53,4.192,1.0,VERY HIGH
48.1,61.0,3.01,0.738,0.3168,MEDIUM
127.7,85.2,19.83,4.564,1.0,VERY HIGH
17.6,33.3,1.63,0.23,0.149,LOW
44.5,66.9,5.16,1.123,0.359,MEDIUM
34.1,44.7,2.71,0.771,0.2533,LOW
86.0,69.0,10.73,2.031,0.6205,HIGH
4.4,22.6,2.09,0.058,0.0697,LOW
1.7,33.8,0.64,0.476,0.1008,LOW
5.2,34.4,1.39,0.206,0.1014,LOW
81.4,84.2,7.54,2.742,0.7203,HIGH
8.1,27.9,0.68,0.303,0.0269,LOW
58.6,74.1,5.69,2.023,0.4858,MEDIUM
6.0,30.7,1.39,0.125,0.0546,LOW
37.4,62.9,2.11,1.38,0.2779,LOW
35.1,56.3,3.02,0.622,0.3018,MEDIUM
7.5,16.0,1.79,0.037,0.0085,LOW
149.5,89.8,21.27,4.854,1.0,VERY HIGH
31.6,51.7,2.86,1.397,0.2757,LOW
99.7,70.5,9.07,2.663,0.7919,VERY HIGH
65.2,90.9,11.63,2.048,0.7122,HIGH
50.7,52.0,5.35,1.178,0.357,MEDIUM
29.2,45.0,1.83,1.252,0.2642,LOW
6.1,21.5,0.09,0.147,0.0147,LOW
53.7,61.7,4.34,0.651,0.4176,MEDIUM
107.4,69.5,4.8,1.469,0.6373,HIGH
80.7,84.1,10.29,2.503,0.7948,VERY HIGH
148.6,84.7,18.77,4.797,1.0,VERY HIGH
10.8,36.7,0.54,0.341,0.0824,LOW
20.3,57.6,1.84,1.34,0.2667,LOW
112.0,75.0,8.94,2.252,0.7318,HIGH
65.5,74.4,10.62,2.317,0.8583,VERY HIGH
49.8,42.1,4.44,1.285,0.3234,MEDIUM
81.2,80.4,8.42,1.585,0.6311,HIGH
178.2,90.3,14.81,4.7,1.0,VERY HIGH
13.0,29.0,0.84,0.321,0.091,LOW
36.0,63.1,5.45,0.403,0.3383,MEDIUM
131.8,95.4,11.25,3.944,1.0,VERY HIGH
96.4,84.0,10.65,1.961,0.7558,HIGH
133.2,97.4,20.03,3.302,1.0,VERY HIGH
12.0,21.2,1.04,0.394,0.0551,LOW
115.1,97.6,15.68,4.328,1.0,VERY HIGH
10.3,34.2,1.43,0.069,0.0695,LOW
8.0,30.0,1.2,0.318,0.0918,LOW
14.5,19.6,0.82,0.154,0.0746,LOW
35.3,49.0,5.2,1.172,0.299,MEDIUM
0.8,21.8,2.22,0.469,0.1018,LOW
25.5,67.9,3.85,1.009,0.3338,MEDIUM
69.6,85.8,11.55,2.262,0.8601,VERY HIGH
10.8,29.4,0.62,0.428,0.1681,LOW
9.4,30.9,1.38,0.086,0.1004,LOW
45.4,48.6,3.55,0.82,0.2597,LOW
33.9,59.2,4.65,0.784,0.2922,MEDIUM
79.1,73.5,9.15,2.79,0.7112,HIGH
57.8,81.5,7.12,1.125,0.5252,MEDIUM
12.8,29.3,1.78,0.497,0.1601,LOW
20.6,61.1,5.15,0.879,0.3192,MEDIUM
109.5,96.0,21.02,4.009,1.0,VERY HIGH
12.6,35.3,1.49,0.386,0.1223,LOW
21.6,45.2,1.97,1.088,0.1887,LOW
0.3,27.9,0.06,0.295,0.0212,LOW
42.5,47.9,3.23,1.218,0.2823,MEDIUM
20.2,69.1,4.14,0.67,0.2441,LOW
85.7,77.6,9.55,2.093,0.7215,HIGH
0.6,25.7,0.31,0.437,0.0741,LOW
146.4,83.6,19.38,2.719,1.0,VERY HIGH
23.4,58.8,2.5,0.905,0.2235,LOW
99.2,75.2,10.78,1.522,0.7524,HIGH
171.7,93.1,19.4,3.432,1.0,VERY HIGH
20.0,46.7,4.72,1.252,0.2608,LOW
8.7,15.1,1.52,0.222,0.0142,LOW
106.7,90.1,8.02,1.851,0.8231,VERY HIGH
0.3,37.0,2.15,0.117,0.1544,LOW
20.1,63.1,5.16,1.383,0.3151,MEDIUM
51.7,52.0,5.18,0.337,0.2817,MEDIUM
111.8,89.0,6.96,2.254,0.7599,HIGH
0.9,36.4,0.75,0.457,0.1203,LOW
10.0,33.2,1.53,0.107,0.0911,LOW
8.1,39.5,0.09,0.141,0.0091,LOW
89.1,69.2,7.32,2.001,0.6681,HIGH
82.0,88.5,10.03,1.176,0.7312,HIGH
6.7,39.3,0.57,0.28,0.0762,LOW
6.7,25.8,1.03,0.358,0.1203,LOW
28.3,69.1,3.64,0.392,0.2096,LOW
28.7,54.6,2.8,1.096,0.2984,MEDIUM
17.6,39.3,1.7,0.057,0.1726,LOW
69.8,68.4,8.88,2.343,0.6476,HIGH
65.2,80.5,11.22,2.64,0.796,VERY HIGH
22.0,71.3,5.03,0.684,0.2994,MEDIUM
61.5,83.6,7.33,1.176,0.5972,HIGH
38.3,70.4,3.25,0.439,0.2754,LOW
41.3,62.0,5.79,0.924,0.3782,MEDIUM
68.4,84.4,11.62,2.336,0.8249,VERY HIGH
84.3,75.1,9.93,2.588,0.7806,VERY HIGH
2.5,16.3,1.58,0.051,0.0716,LOW
45.9,50.8,5.53,0.813,0.3184,MEDIUM
0.7,22.6,1.72,0.354,0.0948,LOW
50.7,61.0,5.52,1.312,0.3648,MEDIUM
10.6,39.4,1.74,0.066,0.1119,LOW
102.6,70.5,10.41,1.39,0.6882,HIGH
172.1,98.0,21.7,4.998,1.0,VERY HIGH
70.5,79.7,9.42,1.754,0.6634,HIGH
94.3,91.1,4.95,2.124,0.7726,HIGH
103.2,71.5,7.9,2.125,0.739,HIGH
171.4,82.9,14.82,4.011,1.0,VERY HIGH
75.1,78.2,10.49,2.181,0.6714,HIGH
27.5,65.2,4.58,1.253,0.3571,MEDIUM
0.9,22.4,1.13,0.06,0.0837,LOW
92.2,77.7,11.73,2.705,0.7263,HIGH
2.1,38.7,0.23,0.269,0.0725,LOW
14.5,44.3,0.41,0.139,0.0958,LOW
94.5,85.5,18.33,3.58,1.0,VERY HIGH
35.3,42.3,4.85,0.774,0.2983,MEDIUM
2.8,16.9,2.26,0.333,0.0664,LOW
4.3,21.0,0.83,0.276,0.0439,LOW
49.7,67.6,2.84,0.96,0.3067,MEDIUM
9.1,26.3,0.96,0.063,0.1102,LOW
12.6,37.8,0.35,0.407,0.1047,LOW
7.7,26.7,1.67,0.058,0.0865,LOW
29.1,50.4,3.72,1.108,0.3275,MEDIUM
18.8,53.5,2.99,1.049,0.2486,LOW
103.0,69.9,8.66,1.385,0.676,HIGH
40.8,68.3,2.66,1.03,0.2659,LOW
44.2,40.3,4.91,1.053,0.2233,LOW
182.1,95.8,16.89,3.338,1.0,VERY HIGH
100.7,90.9,23.4,3.347,1.0,VERY HIGH
163.7,86.3,23.11,4.957,1.0,VERY HIGH
1.0,26.9,2.5,0.046,0.0453,LOW
35.4,60.5,2.02,1.175,0.2504,LOW
10.1,31.6,1.83,0.365,0.0642,LOW
133.7,84.3,11.33,3.653,0.9982,VERY HIGH
168.3,89.1,18.83,3.09,1.0,VERY HIGH
54.3,45.0,2.23,1.089,0.2625,LOW
40.2,70.2,5.12,0.911,0.379,MEDIUM
190.8,93.7,17.25,4.23,1.0,VERY HIGH
97.8,87.0,7.36,2.323,0.7616,HIGH
96.8,88.7,4.59,1.199,0.7997,VERY HIGH
14.7,36.7,1.3,0.212,0.1404,LOW
14.7,30.8,1.74,0.335,0.1203,LOW
119.3,82.9,20.96,2.28,1.0,VERY HIGH
106.4,72.4,9.52,2.144,0.7275,HIGH
93.5,73.8,8.67,2.681,0.7694,HIGH
67.9,91.0,11.98,1.232,0.6328,HIGH
52.0,62.0,3.59,1.036,0.347,MEDIUM
105.3,90.6,5.82,2.423,0.7859,VERY HIGH
36.1,52.2,3.27,1.112,0.249,LOW
34.4,54.0,5.61,0.77,0.3448,MEDIUM
106.4,76.7,9.24,2.681,0.7853,VERY HIGH
53.3,44.3,2.77,0.972,0.2573,LOW
5.5,23.2,0.55,0.136,0.0456,LOW
13.4,37.1,0.09,0.145,0.0216,LOW
163.8,84.0,9.92,3.9,1.0,VERY HIGH
17.9,41.7,2.17,0.265,0.1932,LOW
6.8,45.0,0.45,0.435,0.0845,LOW
129.5,95.3,23.86,4.612,1.0,VERY HIGH
98.6,86.7,10.7,4.639,0.9077,VERY HIGH
50.1,56.1,2.95,0.429,0.3004,MEDIUM
52.8,65.5,5.52,0.572,0.3406,MEDIUM
123.5,94.1,24.06,4.033,1.0,VERY HIGH
13.5,34.2,0.95,0.346,0.1433,LOW
193.4,95.3,11.89,2.427,1.0,VERY HIGH
68.5,89.5,6.59,2.649,0.6917,HIGH
25.9,44.4,2.21,1.361,0.2879,MEDIUM
10.2,20.3,1.22,0.406,0.0237,LOW
15.5,30.9,2.32,0.271,0.1142,LOW
151.2,89.5,18.37,4.559,1.0,VERY HIGH
100.4,82.6,20.42,3.561,1.0,VERY HIGH
36.2,58.0,4.14,0.425,0.3297,MEDIUM
17.2,26.9,1.55,0.266,0.1575,LOW
20.4,50.8,5.23,0.684,0.2635,LOW
78.8,72.0,8.0,2.686,0.7065,HIGH
5.7,23.2,1.85,0.409,0.1379,LOW
42.3,48.1,3.08,0.451,0.2295,LOW
